source_id	protein_or_peptide	gene_symbol	uniprot_accession	modification_or_ptm	site_or_position	condition_or_group	reported_metric_or_status	table_source	evidence_tier	allowed_claim	prohibited_claim
Chapman_PXD011796	AZU1	AZU1	P20160	Citrullination (Arg +0.98)	R(+0.98_citrulline)	NET_induction(A23187/PMA)	A23187_count=0; PMA_count=3; protein=Azurocidin	Table_6.XLSX#Citrullination	Tier_2	structured citrullinated NET/release material composition (Tier 2)	citrullination rate / PAD4 activity / NETosis rate / NET clearance / pathogenicity / causal metabolism-to-citrullination / sample-level fusion
Chapman_PXD011796	CATG	CATG	P08311	Citrullination (Arg +0.98)	R(+0.98_citrulline)	NET_induction(A23187/PMA)	A23187_count=1; PMA_count=2; protein=Cathepsin G	Table_6.XLSX#Citrullination	Tier_2	structured citrullinated NET/release material composition (Tier 2)	citrullination rate / PAD4 activity / NETosis rate / NET clearance / pathogenicity / causal metabolism-to-citrullination / sample-level fusion
Chapman_PXD011796	COR1A	COR1A	P31146	Citrullination (Arg +0.98)	R(+0.98_citrulline)	NET_induction(A23187/PMA)	A23187_count=1; PMA_count=0; protein=Coronin-1A	Table_6.XLSX#Citrullination	Tier_2	structured citrullinated NET/release material composition (Tier 2)	citrullination rate / PAD4 activity / NETosis rate / NET clearance / pathogenicity / causal metabolism-to-citrullination / sample-level fusion
Chapman_PXD011796	COR1A	COR1A	P31146	Citrullination (Arg +0.98)	R(+0.98_citrulline)	NET_induction(A23187/PMA)	A23187_count=0; PMA_count=1; protein=Coronin-1A	Table_6.XLSX#Citrullination	Tier_2	structured citrullinated NET/release material composition (Tier 2)	citrullination rate / PAD4 activity / NETosis rate / NET clearance / pathogenicity / causal metabolism-to-citrullination / sample-level fusion
Chapman_PXD011796	GFAP	GFAP	P14136	Citrullination (Arg +0.98)	R(+0.98_citrulline)	NET_induction(A23187/PMA)	A23187_count=3; PMA_count=1; protein=Glial fibrilary acidic protein	Table_6.XLSX#Citrullination	Tier_2	structured citrullinated NET/release material composition (Tier 2)	citrullination rate / PAD4 activity / NETosis rate / NET clearance / pathogenicity / causal metabolism-to-citrullination / sample-level fusion
Chapman_PXD011796	DCHS	DCHS	P19113	Citrullination (Arg +0.98)	R(+0.98_citrulline)	NET_induction(A23187/PMA)	A23187_count=1; PMA_count=3; protein=Histidine decarboxylase	Table_6.XLSX#Citrullination	Tier_2	structured citrullinated NET/release material composition (Tier 2)	citrullination rate / PAD4 activity / NETosis rate / NET clearance / pathogenicity / causal metabolism-to-citrullination / sample-level fusion
Chapman_PXD011796	H13	H13	P16402	Citrullination (Arg +0.98)	R(+0.98_citrulline)	NET_induction(A23187/PMA)	A23187_count=3; PMA_count=0; protein=Histone H1.3	Table_6.XLSX#Citrullination	Tier_2	structured citrullinated NET/release material composition (Tier 2)	citrullination rate / PAD4 activity / NETosis rate / NET clearance / pathogenicity / causal metabolism-to-citrullination / sample-level fusion
Chapman_PXD011796	H14	H14	P10412	Citrullination (Arg +0.98)		NET_induction(A23187/PMA)	A23187_count=NA; PMA_count=NA; protein=Histone H1.4	Table_6.XLSX#Citrullination	Tier_2	structured citrullinated NET/release material composition (Tier 2)	citrullination rate / PAD4 activity / NETosis rate / NET clearance / pathogenicity / causal metabolism-to-citrullination / sample-level fusion
Chapman_PXD011796	H15	H15	P16401	Citrullination (Arg +0.98)		NET_induction(A23187/PMA)	A23187_count=NA; PMA_count=NA; protein=Histone H1.5	Table_6.XLSX#Citrullination	Tier_2	structured citrullinated NET/release material composition (Tier 2)	citrullination rate / PAD4 activity / NETosis rate / NET clearance / pathogenicity / causal metabolism-to-citrullination / sample-level fusion
Chapman_PXD011796	H31T	H31T	Q16695	Citrullination (Arg +0.98)	R(+0.98_citrulline)	NET_induction(A23187/PMA)	A23187_count=2; PMA_count=1; protein=Histone H3.1t	Table_6.XLSX#Citrullination	Tier_2	structured citrullinated NET/release material composition (Tier 2)	citrullination rate / PAD4 activity / NETosis rate / NET clearance / pathogenicity / causal metabolism-to-citrullination / sample-level fusion
Chapman_PXD011796	TRFL	TRFL	P02788	Citrullination (Arg +0.98)	R(+0.98_citrulline)	NET_induction(A23187/PMA)	A23187_count=0; PMA_count=2; protein=Lactotransferrin	Table_6.XLSX#Citrullination	Tier_2	structured citrullinated NET/release material composition (Tier 2)	citrullination rate / PAD4 activity / NETosis rate / NET clearance / pathogenicity / causal metabolism-to-citrullination / sample-level fusion
Chapman_PXD011796	TRFL	TRFL	P02788	Citrullination (Arg +0.98)	R(+0.98_citrulline)	NET_induction(A23187/PMA)	A23187_count=0; PMA_count=1; protein=Lactotransferrin	Table_6.XLSX#Citrullination	Tier_2	structured citrullinated NET/release material composition (Tier 2)	citrullination rate / PAD4 activity / NETosis rate / NET clearance / pathogenicity / causal metabolism-to-citrullination / sample-level fusion
Chapman_PXD011796	MNDA	MNDA	P41218	Citrullination (Arg +0.98)	R(+0.98_citrulline)	NET_induction(A23187/PMA)	A23187_count=0; PMA_count=3; protein=Myeloid cell nuclear differentiation antigen	Table_6.XLSX#Citrullination	Tier_2	structured citrullinated NET/release material composition (Tier 2)	citrullination rate / PAD4 activity / NETosis rate / NET clearance / pathogenicity / causal metabolism-to-citrullination / sample-level fusion
Chapman_PXD011796	PERM	PERM	P05164	Citrullination (Arg +0.98)	R(+0.98_citrulline)	NET_induction(A23187/PMA)	A23187_count=0; PMA_count=1; protein=Myeloperoxidase	Table_6.XLSX#Citrullination	Tier_2	structured citrullinated NET/release material composition (Tier 2)	citrullination rate / PAD4 activity / NETosis rate / NET clearance / pathogenicity / causal metabolism-to-citrullination / sample-level fusion
Chapman_PXD011796	ELNE	ELNE	P08246	Citrullination (Arg +0.98)	R(+0.98_citrulline)	NET_induction(A23187/PMA)	A23187_count=0; PMA_count=3; protein=Neutrophil elastase	Table_6.XLSX#Citrullination	Tier_2	structured citrullinated NET/release material composition (Tier 2)	citrullination rate / PAD4 activity / NETosis rate / NET clearance / pathogenicity / causal metabolism-to-citrullination / sample-level fusion
Chapman_PXD011796	OVCH1	OVCH1	Q7RTY7	Citrullination (Arg +0.98)	R(+0.98_citrulline)	NET_induction(A23187/PMA)	A23187_count=0; PMA_count=1; protein=Ovochymase-1	Table_6.XLSX#Citrullination	Tier_2	structured citrullinated NET/release material composition (Tier 2)	citrullination rate / PAD4 activity / NETosis rate / NET clearance / pathogenicity / causal metabolism-to-citrullination / sample-level fusion
Chapman_PXD011796	PHF3	PHF3	Q92576	Citrullination (Arg +0.98)	R(+0.98_citrulline)	NET_induction(A23187/PMA)	A23187_count=0; PMA_count=1; protein=PHD finger protein 3	Table_6.XLSX#Citrullination	Tier_2	structured citrullinated NET/release material composition (Tier 2)	citrullination rate / PAD4 activity / NETosis rate / NET clearance / pathogenicity / causal metabolism-to-citrullination / sample-level fusion
Chapman_PXD011796	RAC1	RAC1	P63000	Citrullination (Arg +0.98)	R(+0.98_citrulline)	NET_induction(A23187/PMA)	A23187_count=0; PMA_count=1; protein=Ras-related C3 botulinum toxin substrate 1	Table_6.XLSX#Citrullination	Tier_2	structured citrullinated NET/release material composition (Tier 2)	citrullination rate / PAD4 activity / NETosis rate / NET clearance / pathogenicity / causal metabolism-to-citrullination / sample-level fusion
Chapman_PXD011796	RAB8B	RAB8B	Q92930	Citrullination (Arg +0.98)	R(+0.98_citrulline)	NET_induction(A23187/PMA)	A23187_count=0; PMA_count=1; protein=Ras-related protein Rab-8B	Table_6.XLSX#Citrullination	Tier_2	structured citrullinated NET/release material composition (Tier 2)	citrullination rate / PAD4 activity / NETosis rate / NET clearance / pathogenicity / causal metabolism-to-citrullination / sample-level fusion
Chapman_PXD011796	S10A4	S10A4	P26447	Citrullination (Arg +0.98)	R(+0.98_citrulline)	NET_induction(A23187/PMA)	A23187_count=2; PMA_count=0; protein=S100A4	Table_6.XLSX#Citrullination	Tier_2	structured citrullinated NET/release material composition (Tier 2)	citrullination rate / PAD4 activity / NETosis rate / NET clearance / pathogenicity / causal metabolism-to-citrullination / sample-level fusion
Chapman_PXD011796	Supplementary Table 6B - Peptides in over half the RA and SLE samples identified by PEAKS as having a citrulline modification (designated +.98). Number of samples containing the modification are shown (n=). C(+57.02) carbamidomethylation of cysteine was selected as fixed modification, and M(+15.99) oxidation of methionine was selected as a variable modification.	Supplementary Table 6B - Peptides in over half the RA and SLE samples identified by PEAKS as having a citrulline modification (designated +.98). Number of samples containing the modification are shown (n=). C(+57.02) carbamidomethylation of cysteine was selected as fixed modification, and M(+15.99) oxidation of methionine was selected as a variable modification.		Citrullination (Arg +0.98)		NET_induction(A23187/PMA)	A23187_count=NA; PMA_count=NA	Table_6.XLSX#Citrullination	Tier_2	structured citrullinated NET/release material composition (Tier 2)	citrullination rate / PAD4 activity / NETosis rate / NET clearance / pathogenicity / causal metabolism-to-citrullination / sample-level fusion
Chapman_PXD011796	Protein Accession	Protein Accession		Citrullination (Arg +0.98)		NET_induction(A23187/PMA)	A23187_count=SLE  A23187; PMA_count=RA  A23187; protein=Protein name	Table_6.XLSX#Citrullination	Tier_2	structured citrullinated NET/release material composition (Tier 2)	citrullination rate / PAD4 activity / NETosis rate / NET clearance / pathogenicity / causal metabolism-to-citrullination / sample-level fusion
Chapman_PXD011796	ACTS	ACTS	P68133	Citrullination (Arg +0.98)	R(+0.98_citrulline)	NET_induction(A23187/PMA)	A23187_count=6; PMA_count=6; protein=Actin, alpha skeletal muscle	Table_6.XLSX#Citrullination	Tier_2	structured citrullinated NET/release material composition (Tier 2)	citrullination rate / PAD4 activity / NETosis rate / NET clearance / pathogenicity / causal metabolism-to-citrullination / sample-level fusion
Chapman_PXD011796	ACTC	ACTC	P68032	Citrullination (Arg +0.98)		NET_induction(A23187/PMA)	A23187_count=NA; PMA_count=NA; protein=Actin, cardiac muscle 1 Actin, cytoplasmic 1	Table_6.XLSX#Citrullination	Tier_2	structured citrullinated NET/release material composition (Tier 2)	citrullination rate / PAD4 activity / NETosis rate / NET clearance / pathogenicity / causal metabolism-to-citrullination / sample-level fusion
Chapman_PXD011796	ACTB	ACTB	P60709	Citrullination (Arg +0.98)		NET_induction(A23187/PMA)	A23187_count=NA; PMA_count=NA; protein=Actin, cytoplasmic 2	Table_6.XLSX#Citrullination	Tier_2	structured citrullinated NET/release material composition (Tier 2)	citrullination rate / PAD4 activity / NETosis rate / NET clearance / pathogenicity / causal metabolism-to-citrullination / sample-level fusion
Chapman_PXD011796	ACTG	ACTG	P63261	Citrullination (Arg +0.98)		NET_induction(A23187/PMA)	A23187_count=NA; PMA_count=NA; protein=POTE ankyrin domain family member E	Table_6.XLSX#Citrullination	Tier_2	structured citrullinated NET/release material composition (Tier 2)	citrullination rate / PAD4 activity / NETosis rate / NET clearance / pathogenicity / causal metabolism-to-citrullination / sample-level fusion
Chapman_PXD011796	POTEE	POTEE	Q6S8J3	Citrullination (Arg +0.98)		NET_induction(A23187/PMA)	A23187_count=NA; PMA_count=NA	Table_6.XLSX#Citrullination	Tier_2	structured citrullinated NET/release material composition (Tier 2)	citrullination rate / PAD4 activity / NETosis rate / NET clearance / pathogenicity / causal metabolism-to-citrullination / sample-level fusion
Chapman_PXD011796	COR1A	COR1A	P31146	Citrullination (Arg +0.98)	R(+0.98_citrulline)	NET_induction(A23187/PMA)	A23187_count=6; PMA_count=6; protein=Coronin-1A	Table_6.XLSX#Citrullination	Tier_2	structured citrullinated NET/release material composition (Tier 2)	citrullination rate / PAD4 activity / NETosis rate / NET clearance / pathogenicity / causal metabolism-to-citrullination / sample-level fusion
Chapman_PXD011796	COR1A	COR1A	P31146	Citrullination (Arg +0.98)	R(+0.98_citrulline)	NET_induction(A23187/PMA)	A23187_count=4; PMA_count=3; protein=Coronin-1A	Table_6.XLSX#Citrullination	Tier_2	structured citrullinated NET/release material composition (Tier 2)	citrullination rate / PAD4 activity / NETosis rate / NET clearance / pathogenicity / causal metabolism-to-citrullination / sample-level fusion
Chapman_PXD011796	HMGB2	HMGB2	P26583	Citrullination (Arg +0.98)	R(+0.98_citrulline)	NET_induction(A23187/PMA)	A23187_count=5; PMA_count=6; protein=High mobility group protein B2	Table_6.XLSX#Citrullination	Tier_2	structured citrullinated NET/release material composition (Tier 2)	citrullination rate / PAD4 activity / NETosis rate / NET clearance / pathogenicity / causal metabolism-to-citrullination / sample-level fusion
Chapman_PXD011796	HMGB2	HMGB2	P26583	Citrullination (Arg +0.98)	R(+0.98_citrulline)	NET_induction(A23187/PMA)	A23187_count=3; PMA_count=5; protein=High mobility group protein B2	Table_6.XLSX#Citrullination	Tier_2	structured citrullinated NET/release material composition (Tier 2)	citrullination rate / PAD4 activity / NETosis rate / NET clearance / pathogenicity / causal metabolism-to-citrullination / sample-level fusion
Chapman_PXD011796	H13	H13	P16402	Citrullination (Arg +0.98)	R(+0.98_citrulline)	NET_induction(A23187/PMA)	A23187_count=6; PMA_count=5; protein=Histone H1.3	Table_6.XLSX#Citrullination	Tier_2	structured citrullinated NET/release material composition (Tier 2)	citrullination rate / PAD4 activity / NETosis rate / NET clearance / pathogenicity / causal metabolism-to-citrullination / sample-level fusion
Chapman_PXD011796	H14	H14	P10412	Citrullination (Arg +0.98)		NET_induction(A23187/PMA)	A23187_count=NA; PMA_count=NA; protein=Histone H1.4	Table_6.XLSX#Citrullination	Tier_2	structured citrullinated NET/release material composition (Tier 2)	citrullination rate / PAD4 activity / NETosis rate / NET clearance / pathogenicity / causal metabolism-to-citrullination / sample-level fusion
Chapman_PXD011796	H15	H15	P16401	Citrullination (Arg +0.98)		NET_induction(A23187/PMA)	A23187_count=NA; PMA_count=NA; protein=Histone H1.5	Table_6.XLSX#Citrullination	Tier_2	structured citrullinated NET/release material composition (Tier 2)	citrullination rate / PAD4 activity / NETosis rate / NET clearance / pathogenicity / causal metabolism-to-citrullination / sample-level fusion
Chapman_PXD011796	H31T	H31T	Q16695	Citrullination (Arg +0.98)	R(+0.98_citrulline)	NET_induction(A23187/PMA)	A23187_count=6; PMA_count=6; protein=Histone H3.1t	Table_6.XLSX#Citrullination	Tier_2	structured citrullinated NET/release material composition (Tier 2)	citrullination rate / PAD4 activity / NETosis rate / NET clearance / pathogenicity / causal metabolism-to-citrullination / sample-level fusion
Chapman_PXD011796	TRFL	TRFL	P02788	Citrullination (Arg +0.98)	R(+0.98_citrulline)	NET_induction(A23187/PMA)	A23187_count=2; PMA_count=1; protein=Lactotransferrin	Table_6.XLSX#Citrullination	Tier_2	structured citrullinated NET/release material composition (Tier 2)	citrullination rate / PAD4 activity / NETosis rate / NET clearance / pathogenicity / causal metabolism-to-citrullination / sample-level fusion
Chapman_PXD011796	LBR	LBR	Q14739	Citrullination (Arg +0.98)	R(+0.98_citrulline)	NET_induction(A23187/PMA)	A23187_count=3; PMA_count=3; protein=Lamin-B receptor	Table_6.XLSX#Citrullination	Tier_2	structured citrullinated NET/release material composition (Tier 2)	citrullination rate / PAD4 activity / NETosis rate / NET clearance / pathogenicity / causal metabolism-to-citrullination / sample-level fusion
Chapman_PXD011796	LBR	LBR	Q14739	Citrullination (Arg +0.98)	R(+0.98_citrulline)	NET_induction(A23187/PMA)	A23187_count=6; PMA_count=5; protein=Lamin-B receptor	Table_6.XLSX#Citrullination	Tier_2	structured citrullinated NET/release material composition (Tier 2)	citrullination rate / PAD4 activity / NETosis rate / NET clearance / pathogenicity / causal metabolism-to-citrullination / sample-level fusion
Chapman_PXD011796	LSP1	LSP1	P33241	Citrullination (Arg +0.98)	R(+0.98_citrulline)	NET_induction(A23187/PMA)	A23187_count=6; PMA_count=5; protein=Lymphocyte-specific protein 1	Table_6.XLSX#Citrullination	Tier_2	structured citrullinated NET/release material composition (Tier 2)	citrullination rate / PAD4 activity / NETosis rate / NET clearance / pathogenicity / causal metabolism-to-citrullination / sample-level fusion
Chapman_PXD011796	MNDA	MNDA	P41218	Citrullination (Arg +0.98)	R(+0.98_citrulline)	NET_induction(A23187/PMA)	A23187_count=4; PMA_count=4; protein=Myeloid cell nuclear differentiation antigen	Table_6.XLSX#Citrullination	Tier_2	structured citrullinated NET/release material composition (Tier 2)	citrullination rate / PAD4 activity / NETosis rate / NET clearance / pathogenicity / causal metabolism-to-citrullination / sample-level fusion
Chapman_PXD011796	MNDA	MNDA	P41218	Citrullination (Arg +0.98)	R(+0.98_citrulline)	NET_induction(A23187/PMA)	A23187_count=6; PMA_count=6; protein=Myeloid cell nuclear differentiation antigen	Table_6.XLSX#Citrullination	Tier_2	structured citrullinated NET/release material composition (Tier 2)	citrullination rate / PAD4 activity / NETosis rate / NET clearance / pathogenicity / causal metabolism-to-citrullination / sample-level fusion
Chapman_PXD011796	MNDA	MNDA	P41218	Citrullination (Arg +0.98)	R(+0.98_citrulline)	NET_induction(A23187/PMA)	A23187_count=6; PMA_count=6; protein=Myeloid cell nuclear differentiation antigen	Table_6.XLSX#Citrullination	Tier_2	structured citrullinated NET/release material composition (Tier 2)	citrullination rate / PAD4 activity / NETosis rate / NET clearance / pathogenicity / causal metabolism-to-citrullination / sample-level fusion
Chapman_PXD011796	HMGN2	HMGN2	P05204	Citrullination (Arg +0.98)	R(+0.98_citrulline)	NET_induction(A23187/PMA)	A23187_count=4; PMA_count=4; protein=Non-histone chromosomal protein HMG-17	Table_6.XLSX#Citrullination	Tier_2	structured citrullinated NET/release material composition (Tier 2)	citrullination rate / PAD4 activity / NETosis rate / NET clearance / pathogenicity / causal metabolism-to-citrullination / sample-level fusion
Chapman_PXD011796	VIME	VIME	P08670	Citrullination (Arg +0.98)	R(+0.98_citrulline)	NET_induction(A23187/PMA)	A23187_count=6; PMA_count=6; protein=Vimentin	Table_6.XLSX#Citrullination	Tier_2	structured citrullinated NET/release material composition (Tier 2)	citrullination rate / PAD4 activity / NETosis rate / NET clearance / pathogenicity / causal metabolism-to-citrullination / sample-level fusion
Chapman_PXD011796	VIME	VIME	P08670	Citrullination (Arg +0.98)	R(+0.98_citrulline)	NET_induction(A23187/PMA)	A23187_count=6; PMA_count=5; protein=Vimentin	Table_6.XLSX#Citrullination	Tier_2	structured citrullinated NET/release material composition (Tier 2)	citrullination rate / PAD4 activity / NETosis rate / NET clearance / pathogenicity / causal metabolism-to-citrullination / sample-level fusion
Chapman_PXD011796	VIME	VIME	P08670	Citrullination (Arg +0.98)	R(+0.98_citrulline)	NET_induction(A23187/PMA)	A23187_count=3; PMA_count=4; protein=Vimentin	Table_6.XLSX#Citrullination	Tier_2	structured citrullinated NET/release material composition (Tier 2)	citrullination rate / PAD4 activity / NETosis rate / NET clearance / pathogenicity / causal metabolism-to-citrullination / sample-level fusion
Chapman_PXD011796	Supplementary Table 6C - Peptides in over half the A23187-induced samples but less than half the PMA-induced samples identified by PEAKS as having a citrulline modification (designated +.98). Number of samples containing the modification are shown (n=). C(+57.02) carbamidomethylation of cysteine was selected as fixed modification, and M(+15.99) oxidation of methionine was selected as a variable modification.	Supplementary Table 6C - Peptides in over half the A23187-induced samples but less than half the PMA-induced samples identified by PEAKS as having a citrulline modification (designated +.98). Number of samples containing the modification are shown (n=). C(+57.02) carbamidomethylation of cysteine was selected as fixed modification, and M(+15.99) oxidation of methionine was selected as a variable modification.		Citrullination (Arg +0.98)		NET_induction(A23187/PMA)	A23187_count=NA; PMA_count=NA	Table_6.XLSX#Citrullination	Tier_2	structured citrullinated NET/release material composition (Tier 2)	citrullination rate / PAD4 activity / NETosis rate / NET clearance / pathogenicity / causal metabolism-to-citrullination / sample-level fusion
Chapman_PXD011796	Protein Accession	Protein Accession		Citrullination (Arg +0.98)		NET_induction(A23187/PMA)	A23187_count=SLE  A23187; PMA_count=RA  A23187; protein=Protein name	Table_6.XLSX#Citrullination	Tier_2	structured citrullinated NET/release material composition (Tier 2)	citrullination rate / PAD4 activity / NETosis rate / NET clearance / pathogenicity / causal metabolism-to-citrullination / sample-level fusion
Chapman_PXD011796	ACTS	ACTS	P68133	Citrullination (Arg +0.98)	R(+0.98_citrulline)	NET_induction(A23187/PMA)	A23187_count=6; PMA_count=6; protein=Actin, alpha skeletal muscle	Table_6.XLSX#Citrullination	Tier_2	structured citrullinated NET/release material composition (Tier 2)	citrullination rate / PAD4 activity / NETosis rate / NET clearance / pathogenicity / causal metabolism-to-citrullination / sample-level fusion
Chapman_PXD011796	ACTA	ACTA	P62736	Citrullination (Arg +0.98)		NET_induction(A23187/PMA)	A23187_count=NA; PMA_count=NA; protein=Actin, aortic smooth muscle	Table_6.XLSX#Citrullination	Tier_2	structured citrullinated NET/release material composition (Tier 2)	citrullination rate / PAD4 activity / NETosis rate / NET clearance / pathogenicity / causal metabolism-to-citrullination / sample-level fusion
Chapman_PXD011796	ACTH	ACTH	P63267	Citrullination (Arg +0.98)		NET_induction(A23187/PMA)	A23187_count=NA; PMA_count=NA; protein=Actin, gamma-enteric smooth muscle	Table_6.XLSX#Citrullination	Tier_2	structured citrullinated NET/release material composition (Tier 2)	citrullination rate / PAD4 activity / NETosis rate / NET clearance / pathogenicity / causal metabolism-to-citrullination / sample-level fusion
Chapman_PXD011796	POTEJ	POTEJ	P0CG39	Citrullination (Arg +0.98)		NET_induction(A23187/PMA)	A23187_count=NA; PMA_count=NA; protein=POTE ankyrin domain family member J	Table_6.XLSX#Citrullination	Tier_2	structured citrullinated NET/release material composition (Tier 2)	citrullination rate / PAD4 activity / NETosis rate / NET clearance / pathogenicity / causal metabolism-to-citrullination / sample-level fusion
Chapman_PXD011796	TCP4	TCP4	P53999	Citrullination (Arg +0.98)	R(+0.98_citrulline)	NET_induction(A23187/PMA)	A23187_count=4; PMA_count=4; protein=Activated RNA polymerase II transcriptional coactivator p15	Table_6.XLSX#Citrullination	Tier_2	structured citrullinated NET/release material composition (Tier 2)	citrullination rate / PAD4 activity / NETosis rate / NET clearance / pathogenicity / causal metabolism-to-citrullination / sample-level fusion
Chapman_PXD011796	HMGB1	HMGB1	P09429	Citrullination (Arg +0.98)	R(+0.98_citrulline)	NET_induction(A23187/PMA)	A23187_count=5; PMA_count=6; protein=High mobility group protein B1	Table_6.XLSX#Citrullination	Tier_2	structured citrullinated NET/release material composition (Tier 2)	citrullination rate / PAD4 activity / NETosis rate / NET clearance / pathogenicity / causal metabolism-to-citrullination / sample-level fusion
Chapman_PXD011796	HMGB2	HMGB2	P26583	Citrullination (Arg +0.98)		NET_induction(A23187/PMA)	A23187_count=NA; PMA_count=NA; protein=High mobility group protein B2	Table_6.XLSX#Citrullination	Tier_2	structured citrullinated NET/release material composition (Tier 2)	citrullination rate / PAD4 activity / NETosis rate / NET clearance / pathogenicity / causal metabolism-to-citrullination / sample-level fusion
Chapman_PXD011796	SP100	SP100	P23497	Citrullination (Arg +0.98)		NET_induction(A23187/PMA)	A23187_count=NA; PMA_count=NA; protein=Nuclear autoantigen Sp-100	Table_6.XLSX#Citrullination	Tier_2	structured citrullinated NET/release material composition (Tier 2)	citrullination rate / PAD4 activity / NETosis rate / NET clearance / pathogenicity / causal metabolism-to-citrullination / sample-level fusion
Chapman_PXD011796	HMGB2	HMGB2	P26583	Citrullination (Arg +0.98)	R(+0.98_citrulline)	NET_induction(A23187/PMA)	A23187_count=3; PMA_count=5; protein=High mobility group protein B2	Table_6.XLSX#Citrullination	Tier_2	structured citrullinated NET/release material composition (Tier 2)	citrullination rate / PAD4 activity / NETosis rate / NET clearance / pathogenicity / causal metabolism-to-citrullination / sample-level fusion
Chapman_PXD011796	H13	H13	P16402	Citrullination (Arg +0.98)	R(+0.98_citrulline)	NET_induction(A23187/PMA)	A23187_count=6; PMA_count=5; protein=Histone H1.3	Table_6.XLSX#Citrullination	Tier_2	structured citrullinated NET/release material composition (Tier 2)	citrullination rate / PAD4 activity / NETosis rate / NET clearance / pathogenicity / causal metabolism-to-citrullination / sample-level fusion
Chapman_PXD011796	H14	H14	P10412	Citrullination (Arg +0.98)		NET_induction(A23187/PMA)	A23187_count=NA; PMA_count=NA; protein=Histone H1.4	Table_6.XLSX#Citrullination	Tier_2	structured citrullinated NET/release material composition (Tier 2)	citrullination rate / PAD4 activity / NETosis rate / NET clearance / pathogenicity / causal metabolism-to-citrullination / sample-level fusion
Chapman_PXD011796	H15	H15	P16401	Citrullination (Arg +0.98)		NET_induction(A23187/PMA)	A23187_count=NA; PMA_count=NA; protein=Histone H1.5	Table_6.XLSX#Citrullination	Tier_2	structured citrullinated NET/release material composition (Tier 2)	citrullination rate / PAD4 activity / NETosis rate / NET clearance / pathogenicity / causal metabolism-to-citrullination / sample-level fusion
Chapman_PXD011796	LBR	LBR	Q14739	Citrullination (Arg +0.98)	R(+0.98_citrulline)	NET_induction(A23187/PMA)	A23187_count=6; PMA_count=5; protein=Lamin-B receptor	Table_6.XLSX#Citrullination	Tier_2	structured citrullinated NET/release material composition (Tier 2)	citrullination rate / PAD4 activity / NETosis rate / NET clearance / pathogenicity / causal metabolism-to-citrullination / sample-level fusion
Chapman_PXD011796	LSP1	LSP1	P33241	Citrullination (Arg +0.98)	R(+0.98_citrulline)	NET_induction(A23187/PMA)	A23187_count=6; PMA_count=5; protein=Lymphocyte-specific protein 1	Table_6.XLSX#Citrullination	Tier_2	structured citrullinated NET/release material composition (Tier 2)	citrullination rate / PAD4 activity / NETosis rate / NET clearance / pathogenicity / causal metabolism-to-citrullination / sample-level fusion
Chapman_PXD011796	LSP1	LSP1	P33241	Citrullination (Arg +0.98)	R(+0.98_citrulline)	NET_induction(A23187/PMA)	A23187_count=4; PMA_count=3; protein=Lymphocyte-specific protein 1	Table_6.XLSX#Citrullination	Tier_2	structured citrullinated NET/release material composition (Tier 2)	citrullination rate / PAD4 activity / NETosis rate / NET clearance / pathogenicity / causal metabolism-to-citrullination / sample-level fusion
Chapman_PXD011796	MOES	MOES	P26038	Citrullination (Arg +0.98)	R(+0.98_citrulline)	NET_induction(A23187/PMA)	A23187_count=6; PMA_count=2; protein=Moesin	Table_6.XLSX#Citrullination	Tier_2	structured citrullinated NET/release material composition (Tier 2)	citrullination rate / PAD4 activity / NETosis rate / NET clearance / pathogenicity / causal metabolism-to-citrullination / sample-level fusion
Chapman_PXD011796	MNDA	MNDA	P41218	Citrullination (Arg +0.98)	R(+0.98_citrulline)	NET_induction(A23187/PMA)	A23187_count=6; PMA_count=6; protein=Myeloid cell nuclear differentiation antigen	Table_6.XLSX#Citrullination	Tier_2	structured citrullinated NET/release material composition (Tier 2)	citrullination rate / PAD4 activity / NETosis rate / NET clearance / pathogenicity / causal metabolism-to-citrullination / sample-level fusion
Chapman_PXD011796	MNDA	MNDA	P41218	Citrullination (Arg +0.98)	R(+0.98_citrulline)	NET_induction(A23187/PMA)	A23187_count=6; PMA_count=6; protein=Myeloid cell nuclear differentiation antigen	Table_6.XLSX#Citrullination	Tier_2	structured citrullinated NET/release material composition (Tier 2)	citrullination rate / PAD4 activity / NETosis rate / NET clearance / pathogenicity / causal metabolism-to-citrullination / sample-level fusion
Chapman_PXD011796	MNDA	MNDA	P41218	Citrullination (Arg +0.98)	R(+0.98_citrulline)	NET_induction(A23187/PMA)	A23187_count=5; PMA_count=2; protein=Myeloid cell nuclear differentiation antigen	Table_6.XLSX#Citrullination	Tier_2	structured citrullinated NET/release material composition (Tier 2)	citrullination rate / PAD4 activity / NETosis rate / NET clearance / pathogenicity / causal metabolism-to-citrullination / sample-level fusion
Chapman_PXD011796	MYH10	MYH10	P35580	Citrullination (Arg +0.98)	R(+0.98_citrulline)	NET_induction(A23187/PMA)	A23187_count=6; PMA_count=3; protein=Myosin 10	Table_6.XLSX#Citrullination	Tier_2	structured citrullinated NET/release material composition (Tier 2)	citrullination rate / PAD4 activity / NETosis rate / NET clearance / pathogenicity / causal metabolism-to-citrullination / sample-level fusion
Chapman_PXD011796	MYH14	MYH14	Q7Z406	Citrullination (Arg +0.98)		NET_induction(A23187/PMA)	A23187_count=NA; PMA_count=NA; protein=Myosin 14	Table_6.XLSX#Citrullination	Tier_2	structured citrullinated NET/release material composition (Tier 2)	citrullination rate / PAD4 activity / NETosis rate / NET clearance / pathogenicity / causal metabolism-to-citrullination / sample-level fusion
Chapman_PXD011796	MYH9	MYH9	P35579	Citrullination (Arg +0.98)		NET_induction(A23187/PMA)	A23187_count=NA; PMA_count=NA; protein=Myosin 9	Table_6.XLSX#Citrullination	Tier_2	structured citrullinated NET/release material composition (Tier 2)	citrullination rate / PAD4 activity / NETosis rate / NET clearance / pathogenicity / causal metabolism-to-citrullination / sample-level fusion
Chapman_PXD011796	MYH9	MYH9	P35579	Citrullination (Arg +0.98)	R(+0.98_citrulline)	NET_induction(A23187/PMA)	A23187_count=6; PMA_count=3; protein=Myosin 9	Table_6.XLSX#Citrullination	Tier_2	structured citrullinated NET/release material composition (Tier 2)	citrullination rate / PAD4 activity / NETosis rate / NET clearance / pathogenicity / causal metabolism-to-citrullination / sample-level fusion
Chapman_PXD011796	THOC4	THOC4	Q86V81	Citrullination (Arg +0.98)	R(+0.98_citrulline)	NET_induction(A23187/PMA)	A23187_count=3; PMA_count=3; protein=THO complex subunit 4	Table_6.XLSX#Citrullination	Tier_2	structured citrullinated NET/release material composition (Tier 2)	citrullination rate / PAD4 activity / NETosis rate / NET clearance / pathogenicity / causal metabolism-to-citrullination / sample-level fusion
Chapman_PXD011796	VIME	VIME	P08670	Citrullination (Arg +0.98)	R(+0.98_citrulline)	NET_induction(A23187/PMA)	A23187_count=6; PMA_count=6; protein=Vimentin	Table_6.XLSX#Citrullination	Tier_2	structured citrullinated NET/release material composition (Tier 2)	citrullination rate / PAD4 activity / NETosis rate / NET clearance / pathogenicity / causal metabolism-to-citrullination / sample-level fusion
Chapman_PXD011796	VIME	VIME	P08670	Citrullination (Arg +0.98)	R(+0.98_citrulline)	NET_induction(A23187/PMA)	A23187_count=6; PMA_count=5; protein=Vimentin	Table_6.XLSX#Citrullination	Tier_2	structured citrullinated NET/release material composition (Tier 2)	citrullination rate / PAD4 activity / NETosis rate / NET clearance / pathogenicity / causal metabolism-to-citrullination / sample-level fusion
Chapman_PXD011796	VIME	VIME	P08670	Citrullination (Arg +0.98)	R(+0.98_citrulline)	NET_induction(A23187/PMA)	A23187_count=6; PMA_count=4; protein=Vimentin	Table_6.XLSX#Citrullination	Tier_2	structured citrullinated NET/release material composition (Tier 2)	citrullination rate / PAD4 activity / NETosis rate / NET clearance / pathogenicity / causal metabolism-to-citrullination / sample-level fusion
Chapman_PXD011796	VIME	VIME	P08670	Citrullination (Arg +0.98)	R(+0.98_citrulline)	NET_induction(A23187/PMA)	A23187_count=4; PMA_count=2; protein=Vimentin	Table_6.XLSX#Citrullination	Tier_2	structured citrullinated NET/release material composition (Tier 2)	citrullination rate / PAD4 activity / NETosis rate / NET clearance / pathogenicity / causal metabolism-to-citrullination / sample-level fusion
Chapman_PXD011796	Supplementary Table 6D - Peptides in over half the PMA-induced samples but less than half the A23187-induced samples identified by PEAKS as having a citrulline modification (designated +.98). Number of samples containing the modification are shown (n=). C(+57.02) carbamidomethylation of cysteine was selected as fixed modification, and M(+15.99) oxidation of methionine was selected as a variable modification.	Supplementary Table 6D - Peptides in over half the PMA-induced samples but less than half the A23187-induced samples identified by PEAKS as having a citrulline modification (designated +.98). Number of samples containing the modification are shown (n=). C(+57.02) carbamidomethylation of cysteine was selected as fixed modification, and M(+15.99) oxidation of methionine was selected as a variable modification.		Citrullination (Arg +0.98)		NET_induction(A23187/PMA)	A23187_count=NA; PMA_count=NA	Table_6.XLSX#Citrullination	Tier_2	structured citrullinated NET/release material composition (Tier 2)	citrullination rate / PAD4 activity / NETosis rate / NET clearance / pathogenicity / causal metabolism-to-citrullination / sample-level fusion
Chapman_PXD011796	Protein Accession	Protein Accession		Citrullination (Arg +0.98)		NET_induction(A23187/PMA)	A23187_count=SLE  A23187; PMA_count=RA  A23187; protein=Protein Name	Table_6.XLSX#Citrullination	Tier_2	structured citrullinated NET/release material composition (Tier 2)	citrullination rate / PAD4 activity / NETosis rate / NET clearance / pathogenicity / causal metabolism-to-citrullination / sample-level fusion
Chapman_PXD011796	ARC1B	ARC1B	O15143	Citrullination (Arg +0.98)	R(+0.98_citrulline)	NET_induction(A23187/PMA)	A23187_count=NA; PMA_count=NA; protein=Actin related protein 2/3 complex subunit 1B	Table_6.XLSX#Citrullination	Tier_2	structured citrullinated NET/release material composition (Tier 2)	citrullination rate / PAD4 activity / NETosis rate / NET clearance / pathogenicity / causal metabolism-to-citrullination / sample-level fusion
Chapman_PXD011796	ACTB	ACTB	P60709	Citrullination (Arg +0.98)	R(+0.98_citrulline)	NET_induction(A23187/PMA)	A23187_count=NA; PMA_count=NA; protein=Actin, cytoplasmic 1	Table_6.XLSX#Citrullination	Tier_2	structured citrullinated NET/release material composition (Tier 2)	citrullination rate / PAD4 activity / NETosis rate / NET clearance / pathogenicity / causal metabolism-to-citrullination / sample-level fusion
Chapman_PXD011796	GELS	GELS	P06396	Citrullination (Arg +0.98)	R(+0.98_citrulline)	NET_induction(A23187/PMA)	A23187_count=NA; PMA_count=NA; protein=Gelsolin	Table_6.XLSX#Citrullination	Tier_2	structured citrullinated NET/release material composition (Tier 2)	citrullination rate / PAD4 activity / NETosis rate / NET clearance / pathogenicity / causal metabolism-to-citrullination / sample-level fusion
Chapman_PXD011796	TRFL	TRFL	P02788	Citrullination (Arg +0.98)	R(+0.98_citrulline)	NET_induction(A23187/PMA)	A23187_count=2; PMA_count=1; protein=Lactotransferrin	Table_6.XLSX#Citrullination	Tier_2	structured citrullinated NET/release material composition (Tier 2)	citrullination rate / PAD4 activity / NETosis rate / NET clearance / pathogenicity / causal metabolism-to-citrullination / sample-level fusion
Chapman_PXD011796	TRFL	TRFL	P02788	Citrullination (Arg +0.98)	R(+0.98_citrulline)	NET_induction(A23187/PMA)	A23187_count=1; PMA_count=0; protein=Lactotransferrin	Table_6.XLSX#Citrullination	Tier_2	structured citrullinated NET/release material composition (Tier 2)	citrullination rate / PAD4 activity / NETosis rate / NET clearance / pathogenicity / causal metabolism-to-citrullination / sample-level fusion
Chapman_PXD011796	PERM	PERM	P05164	Citrullination (Arg +0.98)	R(+0.98_citrulline)	NET_induction(A23187/PMA)	A23187_count=2; PMA_count=2; protein=Myeloperoxidase	Table_6.XLSX#Citrullination	Tier_2	structured citrullinated NET/release material composition (Tier 2)	citrullination rate / PAD4 activity / NETosis rate / NET clearance / pathogenicity / causal metabolism-to-citrullination / sample-level fusion
Chapman_PXD011796	MYH9	MYH9	P35579	Citrullination (Arg +0.98)	R(+0.98_citrulline)	NET_induction(A23187/PMA)	A23187_count=2; PMA_count=1; protein=Myosin 9	Table_6.XLSX#Citrullination	Tier_2	structured citrullinated NET/release material composition (Tier 2)	citrullination rate / PAD4 activity / NETosis rate / NET clearance / pathogenicity / causal metabolism-to-citrullination / sample-level fusion
Chapman_PXD011796	PHF3	PHF3	Q92576	Citrullination (Arg +0.98)	R(+0.98_citrulline)	NET_induction(A23187/PMA)	A23187_count=1; PMA_count=0; protein=PHD finger protein 3	Table_6.XLSX#Citrullination	Tier_2	structured citrullinated NET/release material composition (Tier 2)	citrullination rate / PAD4 activity / NETosis rate / NET clearance / pathogenicity / causal metabolism-to-citrullination / sample-level fusion
Chapman_PXD011796	TKT	TKT	P29401	Citrullination (Arg +0.98)	R(+0.98_citrulline)	NET_induction(A23187/PMA)	A23187_count=1; PMA_count=1; protein=Transketolase	Table_6.XLSX#Citrullination	Tier_2	structured citrullinated NET/release material composition (Tier 2)	citrullination rate / PAD4 activity / NETosis rate / NET clearance / pathogenicity / causal metabolism-to-citrullination / sample-level fusion
