metabolite_id	metabolite_name	control_summary	mild_summary	severe_summary	relative_pattern	allowed_interpretation	prohibited_interpretation
ME585715	1,3/ 2,3-Bisphosphoglycerate	median=2.01e+06; mean=4.34e+06; n=19	median=9.26e+05; mean=4.3e+07; n=30	median=2.17e+05; mean=7.87e+05; n=26	monotonic_decrease_C>=M>=S	descriptive metabolic STATE difference across severity (relative pool level)	flux / causal mechanism / clinical prediction / executed neutrophil function
ME585716	1-Methylhistidine	median=8.44e+07; mean=9.76e+07; n=19	median=7.1e+07; mean=1.15e+08; n=30	median=9.43e+07; mean=1.6e+08; n=26	M<C<S (by median)	descriptive metabolic STATE difference across severity (relative pool level)	flux / causal mechanism / clinical prediction / executed neutrophil function
ME585718	2-/3-Phosphoglycerate	median=8.84e+06; mean=9.47e+06; n=19	median=1.33e+07; mean=1.7e+07; n=30	median=8.86e+06; mean=1.27e+07; n=26	C<S<M (by median)	descriptive metabolic STATE difference across severity (relative pool level)	flux / causal mechanism / clinical prediction / executed neutrophil function
ME585719	2-Hydroxybutyrate	median=1.58e+06; mean=7.03e+06; n=19	median=2.2e+06; mean=3.1e+06; n=30	median=2.85e+05; mean=1.46e+06; n=26	S<C<M (by median)	descriptive metabolic STATE difference across severity (relative pool level)	flux / causal mechanism / clinical prediction / executed neutrophil function
ME585720	2-Hydroxyglutarate	median=1.1e+08; mean=1.18e+08; n=19	median=1.07e+08; mean=1.24e+08; n=30	median=1.2e+08; mean=1.22e+08; n=26	M<C<S (by median)	descriptive metabolic STATE difference across severity (relative pool level)	flux / causal mechanism / clinical prediction / executed neutrophil function
ME585721	2-Mannosyl-3-phosphoglycerate	median=6.86e+06; mean=6.33e+07; n=19	median=2.74e+06; mean=4.79e+06; n=30	median=4.92e+06; mean=6.3e+06; n=26	M<S<C (by median)	descriptive metabolic STATE difference across severity (relative pool level)	flux / causal mechanism / clinical prediction / executed neutrophil function
ME585722	2-Methylmaleate	median=1.7e+07; mean=1.75e+07; n=19	median=1.42e+07; mean=1.51e+07; n=30	median=1e+07; mean=1.03e+07; n=26	monotonic_decrease_C>=M>=S	descriptive metabolic STATE difference across severity (relative pool level)	flux / causal mechanism / clinical prediction / executed neutrophil function
ME585729	3-Hydroxymethylglutarate	median=8.26e+06; mean=9.03e+06; n=19	median=8.42e+06; mean=9.23e+06; n=30	median=8.4e+06; mean=1.02e+07; n=26	C<S<M (by median)	descriptive metabolic STATE difference across severity (relative pool level)	flux / causal mechanism / clinical prediction / executed neutrophil function
ME585730	3-Hydroxypyruvate	median=2.58e+06; mean=2.47e+06; n=19	median=1.72e+06; mean=1.92e+06; n=30	median=1.11e+06; mean=1.21e+06; n=26	monotonic_decrease_C>=M>=S	descriptive metabolic STATE difference across severity (relative pool level)	flux / causal mechanism / clinical prediction / executed neutrophil function
ME585731	3-Methyl-2-oxovalerate	median=4.03e+07; mean=7.64e+07; n=19	median=8.59e+07; mean=8.93e+07; n=30	median=4.23e+07; mean=4.51e+07; n=26	C<S<M (by median)	descriptive metabolic STATE difference across severity (relative pool level)	flux / causal mechanism / clinical prediction / executed neutrophil function
ME585717	3-Methylhistidine	median=3.24e+07; mean=8.23e+07; n=19	median=6.57e+07; mean=1.29e+08; n=30	median=1.11e+07; mean=3.09e+07; n=26	S<C<M (by median)	descriptive metabolic STATE difference across severity (relative pool level)	flux / causal mechanism / clinical prediction / executed neutrophil function
ME585732	4alpha-Hydroxyformyl-4beta-methyl-5alpha-cholest-8-en-3beta-ol	median=4.61e+06; mean=5.4e+06; n=19	median=3.4e+06; mean=4.17e+06; n=30	median=1.65e+06; mean=3.31e+06; n=26	monotonic_decrease_C>=M>=S	descriptive metabolic STATE difference across severity (relative pool level)	flux / causal mechanism / clinical prediction / executed neutrophil function
ME585733	4-Guanidinobutanoate	median=1.37e+07; mean=1.59e+07; n=19	median=3.54e+06; mean=6.39e+06; n=30	median=6.43e+06; mean=9.75e+06; n=26	M<S<C (by median)	descriptive metabolic STATE difference across severity (relative pool level)	flux / causal mechanism / clinical prediction / executed neutrophil function
ME585734	4-Guanidinobutyric acid	median=7.19e+06; mean=1.03e+07; n=19	median=6.47e+06; mean=1.01e+07; n=30	median=6.95e+06; mean=1.33e+07; n=26	M<S<C (by median)	descriptive metabolic STATE difference across severity (relative pool level)	flux / causal mechanism / clinical prediction / executed neutrophil function
ME585735	5-Aminolevulinate	median=1.55e+07; mean=1.2e+08; n=19	median=1.84e+07; mean=1.97e+07; n=30	median=1.15e+07; mean=1.89e+07; n=26	S<C<M (by median)	descriptive metabolic STATE difference across severity (relative pool level)	flux / causal mechanism / clinical prediction / executed neutrophil function
ME585736	5-Glutamyltaurine	median=1.1e+06; mean=1.38e+06; n=19	median=1.68e+06; mean=1.9e+06; n=30	median=1.76e+06; mean=1.97e+06; n=26	monotonic_increase_C<=M<=S	descriptive metabolic STATE difference across severity (relative pool level)	flux / causal mechanism / clinical prediction / executed neutrophil function
ME585737	6-Phosphogluconate	median=2.51e+06; mean=5.29e+06; n=19	median=5.79e+05; mean=1.24e+06; n=30	median=5.22e+05; mean=8.06e+05; n=26	monotonic_decrease_C>=M>=S	descriptive metabolic STATE difference across severity (relative pool level)	flux / causal mechanism / clinical prediction / executed neutrophil function
ME585738	6-Phosphonogluconolactone	median=4.98e+05; mean=1.48e+06; n=19	median=8.2e+03; mean=9.67e+04; n=30	median=9.99e+03; mean=1.25e+05; n=26	M<S<C (by median)	descriptive metabolic STATE difference across severity (relative pool level)	flux / causal mechanism / clinical prediction / executed neutrophil function
ME585739	Acetylarginine	median=3.73e+05; mean=1.13e+06; n=19	median=4.71e+05; mean=1.47e+06; n=30	median=8.96e+05; mean=1.29e+06; n=26	monotonic_increase_C<=M<=S	descriptive metabolic STATE difference across severity (relative pool level)	flux / causal mechanism / clinical prediction / executed neutrophil function
ME585740	Acetylcarnitine	median=4.72e+05; mean=8.94e+05; n=19	median=1.02e+06; mean=1.36e+06; n=30	median=5.73e+05; mean=6.43e+05; n=26	C<S<M (by median)	descriptive metabolic STATE difference across severity (relative pool level)	flux / causal mechanism / clinical prediction / executed neutrophil function
ME585741	Acetylcholine	median=8.01e+08; mean=8.05e+08; n=19	median=8.98e+08; mean=1e+09; n=30	median=1.41e+09; mean=1.42e+09; n=26	monotonic_increase_C<=M<=S	descriptive metabolic STATE difference across severity (relative pool level)	flux / causal mechanism / clinical prediction / executed neutrophil function
ME585742	Acetyl-CoA	median=5.73e+05; mean=6.6e+05; n=19	median=2.25e+05; mean=4.2e+05; n=30	median=2.51e+05; mean=3.08e+05; n=26	M<S<C (by median)	descriptive metabolic STATE difference across severity (relative pool level)	flux / causal mechanism / clinical prediction / executed neutrophil function
ME585743	Adenosine	median=3.21e+07; mean=4.08e+07; n=19	median=2.43e+07; mean=2.63e+07; n=30	median=2.38e+07; mean=2.78e+07; n=26	monotonic_decrease_C>=M>=S	descriptive metabolic STATE difference across severity (relative pool level)	flux / causal mechanism / clinical prediction / executed neutrophil function
ME585744	Adenosine cyclic phosphate	median=6.36e+05; mean=6.98e+05; n=19	median=2.83e+05; mean=3.03e+05; n=30	median=1.89e+05; mean=2.45e+05; n=26	monotonic_decrease_C>=M>=S	descriptive metabolic STATE difference across severity (relative pool level)	flux / causal mechanism / clinical prediction / executed neutrophil function
ME585745	Adenosine diphosphate	median=1.83e+08; mean=2.04e+08; n=19	median=1.58e+08; mean=1.73e+08; n=30	median=1.42e+08; mean=1.41e+08; n=26	monotonic_decrease_C>=M>=S	descriptive metabolic STATE difference across severity (relative pool level)	flux / causal mechanism / clinical prediction / executed neutrophil function
ME585746	Adenosine monophosphate	median=6.18e+07; mean=8.16e+07; n=19	median=9.3e+07; mean=9.98e+07; n=30	median=9.49e+07; mean=1.1e+08; n=26	monotonic_increase_C<=M<=S	descriptive metabolic STATE difference across severity (relative pool level)	flux / causal mechanism / clinical prediction / executed neutrophil function
ME585747	Adenosine triphosphate	median=9.58e+08; mean=9.63e+08; n=19	median=8.02e+08; mean=8.52e+08; n=30	median=6.97e+08; mean=7.05e+08; n=26	monotonic_decrease_C>=M>=S	descriptive metabolic STATE difference across severity (relative pool level)	flux / causal mechanism / clinical prediction / executed neutrophil function
ME585748	ADP-ribose	median=6.4e+05; mean=9.95e+05; n=19	median=8.96e+05; mean=9.06e+05; n=30	median=1.43e+06; mean=1.47e+06; n=26	monotonic_increase_C<=M<=S	descriptive metabolic STATE difference across severity (relative pool level)	flux / causal mechanism / clinical prediction / executed neutrophil function
ME585749	AICAR	median=1.52e+04; mean=1.5e+04; n=19	median=6.36e+04; mean=1.04e+05; n=30	median=1.76e+04; mean=9.99e+04; n=26	C<S<M (by median)	descriptive metabolic STATE difference across severity (relative pool level)	flux / causal mechanism / clinical prediction / executed neutrophil function
ME585750	Ala-Leu	median=1.37e+06; mean=3.04e+06; n=19	median=1.73e+06; mean=1.99e+06; n=30	median=1.3e+06; mean=1.49e+06; n=26	S<C<M (by median)	descriptive metabolic STATE difference across severity (relative pool level)	flux / causal mechanism / clinical prediction / executed neutrophil function
ME585751	Alanine	median=2.76e+08; mean=2.88e+08; n=19	median=2.59e+08; mean=2.63e+08; n=30	median=3.04e+08; mean=3.19e+08; n=26	M<C<S (by median)	descriptive metabolic STATE difference across severity (relative pool level)	flux / causal mechanism / clinical prediction / executed neutrophil function
ME585752	Ala-Tyr	median=2.8e+05; mean=8.79e+05; n=19	median=3.7e+05; mean=8.58e+05; n=30	median=8.44e+04; mean=2.34e+05; n=26	S<C<M (by median)	descriptive metabolic STATE difference across severity (relative pool level)	flux / causal mechanism / clinical prediction / executed neutrophil function
ME585753	Allantoin	median=1.03e+06; mean=1.32e+06; n=19	median=2.97e+05; mean=1.01e+06; n=30	median=8.36e+04; mean=3.54e+05; n=26	monotonic_decrease_C>=M>=S	descriptive metabolic STATE difference across severity (relative pool level)	flux / causal mechanism / clinical prediction / executed neutrophil function
ME585754	alpha-Ketoglutarate	median=8.15e+07; mean=8.23e+07; n=19	median=7.48e+07; mean=7.83e+07; n=30	median=7.96e+07; mean=9.41e+07; n=26	M<S<C (by median)	descriptive metabolic STATE difference across severity (relative pool level)	flux / causal mechanism / clinical prediction / executed neutrophil function
ME585755	Aminoadipate	median=4.39e+06; mean=4.4e+06; n=19	median=4.29e+06; mean=5.91e+06; n=30	median=5.45e+06; mean=5.97e+06; n=26	M<C<S (by median)	descriptive metabolic STATE difference across severity (relative pool level)	flux / causal mechanism / clinical prediction / executed neutrophil function
ME585756	Aminoisobutanoate	median=5.6e+07; mean=6.51e+07; n=19	median=8.65e+07; mean=9.14e+07; n=30	median=1.15e+08; mean=1.6e+08; n=26	monotonic_increase_C<=M<=S	descriptive metabolic STATE difference across severity (relative pool level)	flux / causal mechanism / clinical prediction / executed neutrophil function
ME585757	Anserine	median=7.74e+05; mean=1.01e+06; n=19	median=1.36e+05; mean=3.21e+05; n=30	median=7.03e+03; mean=1.63e+04; n=26	monotonic_decrease_C>=M>=S	descriptive metabolic STATE difference across severity (relative pool level)	flux / causal mechanism / clinical prediction / executed neutrophil function
ME585758	Arg-Ala	median=2.01e+07; mean=5.69e+07; n=19	median=3.87e+07; mean=4.13e+07; n=30	median=2.07e+07; mean=2.77e+07; n=26	C<S<M (by median)	descriptive metabolic STATE difference across severity (relative pool level)	flux / causal mechanism / clinical prediction / executed neutrophil function
ME585759	Arginine	median=9.63e+08; mean=2.16e+09; n=19	median=8.63e+08; mean=8.82e+08; n=30	median=6.3e+08; mean=6.94e+08; n=26	monotonic_decrease_C>=M>=S	descriptive metabolic STATE difference across severity (relative pool level)	flux / causal mechanism / clinical prediction / executed neutrophil function
ME585760	Ascorbate	median=1.92e+07; mean=3.36e+07; n=19	median=7.49e+06; mean=5.05e+07; n=30	median=2.35e+07; mean=5.63e+07; n=26	M<C<S (by median)	descriptive metabolic STATE difference across severity (relative pool level)	flux / causal mechanism / clinical prediction / executed neutrophil function
ME585761	Asparagine	median=6.51e+07; mean=1.36e+08; n=19	median=5.97e+07; mean=7.18e+07; n=30	median=6.35e+07; mean=7.42e+07; n=26	M<S<C (by median)	descriptive metabolic STATE difference across severity (relative pool level)	flux / causal mechanism / clinical prediction / executed neutrophil function
ME585762	Aspartate	median=3.66e+08; mean=3.7e+08; n=19	median=3.42e+08; mean=4.04e+08; n=30	median=4.3e+08; mean=4.49e+08; n=26	M<C<S (by median)	descriptive metabolic STATE difference across severity (relative pool level)	flux / causal mechanism / clinical prediction / executed neutrophil function
ME585763	Aspartylglycosamine	median=1.3e+07; mean=1.33e+07; n=19	median=1.13e+07; mean=1.12e+07; n=30	median=1.23e+07; mean=1.31e+07; n=26	M<S<C (by median)	descriptive metabolic STATE difference across severity (relative pool level)	flux / causal mechanism / clinical prediction / executed neutrophil function
ME585764	Asp-Pro	median=2.98e+07; mean=3.04e+07; n=19	median=2.96e+07; mean=3.2e+07; n=30	median=3.34e+07; mean=3.57e+07; n=26	M<C<S (by median)	descriptive metabolic STATE difference across severity (relative pool level)	flux / causal mechanism / clinical prediction / executed neutrophil function
ME585765	Azelate	median=5.36e+06; mean=7.15e+06; n=19	median=9.99e+06; mean=8.94e+06; n=30	median=6.22e+06; mean=7.07e+06; n=26	C<S<M (by median)	descriptive metabolic STATE difference across severity (relative pool level)	flux / causal mechanism / clinical prediction / executed neutrophil function
ME585766	beta-Alanine	median=1.66e+08; mean=1.81e+08; n=19	median=2.71e+08; mean=3.53e+08; n=30	median=5.89e+08; mean=6.84e+08; n=26	monotonic_increase_C<=M<=S	descriptive metabolic STATE difference across severity (relative pool level)	flux / causal mechanism / clinical prediction / executed neutrophil function
ME585767	Betaine	median=5.16e+09; mean=5.36e+09; n=19	median=4.04e+09; mean=4.53e+09; n=30	median=4.58e+09; mean=5.51e+09; n=26	M<S<C (by median)	descriptive metabolic STATE difference across severity (relative pool level)	flux / causal mechanism / clinical prediction / executed neutrophil function
ME585768	Biotin amide	median=3.42e+05; mean=1.53e+06; n=19	median=1.82e+05; mean=5.22e+05; n=30	median=5.84e+04; mean=3.96e+05; n=26	monotonic_decrease_C>=M>=S	descriptive metabolic STATE difference across severity (relative pool level)	flux / causal mechanism / clinical prediction / executed neutrophil function
ME585769	Carnitinamide	median=1.35e+07; mean=1.64e+07; n=19	median=1.17e+07; mean=1.49e+07; n=30	median=1.51e+07; mean=1.58e+07; n=26	M<C<S (by median)	descriptive metabolic STATE difference across severity (relative pool level)	flux / causal mechanism / clinical prediction / executed neutrophil function
ME585770	Carnitine	median=4.95e+09; mean=4.87e+09; n=19	median=6.3e+09; mean=6.77e+09; n=30	median=7.39e+09; mean=7.62e+09; n=26	monotonic_increase_C<=M<=S	descriptive metabolic STATE difference across severity (relative pool level)	flux / causal mechanism / clinical prediction / executed neutrophil function
ME585771	Carnitine (10:0)	median=3.8e+06; mean=5.23e+06; n=19	median=6.43e+06; mean=9.1e+06; n=30	median=8.26e+06; mean=1.11e+07; n=26	monotonic_increase_C<=M<=S	descriptive metabolic STATE difference across severity (relative pool level)	flux / causal mechanism / clinical prediction / executed neutrophil function
ME585772	Carnitine (16:1)	median=4.73e+04; mean=1.73e+05; n=19	median=1.04e+05; mean=3.82e+05; n=30	median=2.55e+04; mean=3.92e+05; n=26	S<C<M (by median)	descriptive metabolic STATE difference across severity (relative pool level)	flux / causal mechanism / clinical prediction / executed neutrophil function
ME585773	Carnitine (18:0)	median=3.02e+05; mean=4.35e+05; n=19	median=3.58e+05; mean=4.71e+05; n=30	median=3.14e+05; mean=3.58e+05; n=26	C<S<M (by median)	descriptive metabolic STATE difference across severity (relative pool level)	flux / causal mechanism / clinical prediction / executed neutrophil function
ME585774	Carnitine (18:1)	median=2e+04; mean=3.31e+05; n=19	median=4.23e+05; mean=4.98e+05; n=30	median=2.13e+05; mean=4.71e+05; n=26	C<S<M (by median)	descriptive metabolic STATE difference across severity (relative pool level)	flux / causal mechanism / clinical prediction / executed neutrophil function
ME585775	Carnitine (3:0)	median=1.09e+09; mean=1.15e+09; n=19	median=1.41e+09; mean=1.85e+09; n=30	median=1.82e+09; mean=2.12e+09; n=26	monotonic_increase_C<=M<=S	descriptive metabolic STATE difference across severity (relative pool level)	flux / causal mechanism / clinical prediction / executed neutrophil function
ME585776	Carnitine (4:0)	median=5.11e+07; mean=6.5e+07; n=19	median=8.28e+07; mean=1.2e+08; n=30	median=1.27e+08; mean=1.95e+08; n=26	monotonic_increase_C<=M<=S	descriptive metabolic STATE difference across severity (relative pool level)	flux / causal mechanism / clinical prediction / executed neutrophil function
ME585777	Carnitine (5:0)	median=3.64e+07; mean=4.49e+07; n=19	median=1e+08; mean=1.64e+08; n=30	median=4.83e+07; mean=6.5e+07; n=26	C<S<M (by median)	descriptive metabolic STATE difference across severity (relative pool level)	flux / causal mechanism / clinical prediction / executed neutrophil function
ME585778	Carnitine (6:0)	median=3.17e+07; mean=3.15e+07; n=19	median=4.15e+07; mean=4.26e+07; n=30	median=5.05e+07; mean=5.16e+07; n=26	monotonic_increase_C<=M<=S	descriptive metabolic STATE difference across severity (relative pool level)	flux / causal mechanism / clinical prediction / executed neutrophil function
ME585779	Carnitine (8:0)	median=9.82e+06; mean=1.08e+07; n=19	median=1.13e+07; mean=1.09e+07; n=30	median=1.33e+07; mean=1.41e+07; n=26	monotonic_increase_C<=M<=S	descriptive metabolic STATE difference across severity (relative pool level)	flux / causal mechanism / clinical prediction / executed neutrophil function
ME585780	Carnitine (glutaryl)	median=1.8e+05; mean=4.08e+05; n=19	median=1.11e+05; mean=2.72e+05; n=30	median=1.18e+05; mean=6.51e+05; n=26	M<S<C (by median)	descriptive metabolic STATE difference across severity (relative pool level)	flux / causal mechanism / clinical prediction / executed neutrophil function
ME585781	Carnosine	median=1.5e+06; mean=1.83e+06; n=19	median=9.24e+05; mean=1.3e+06; n=30	median=9.46e+05; mean=1.22e+06; n=26	M<S<C (by median)	descriptive metabolic STATE difference across severity (relative pool level)	flux / causal mechanism / clinical prediction / executed neutrophil function
ME585782	CDP-ethanolamine	median=4.26e+07; mean=4.25e+07; n=19	median=2.87e+07; mean=3.02e+07; n=30	median=3.56e+07; mean=3.54e+07; n=26	M<S<C (by median)	descriptive metabolic STATE difference across severity (relative pool level)	flux / causal mechanism / clinical prediction / executed neutrophil function
ME585783	Choline	median=6.07e+09; mean=7.92e+09; n=19	median=8.57e+09; mean=1.31e+10; n=30	median=1.37e+10; mean=1.46e+10; n=26	monotonic_increase_C<=M<=S	descriptive metabolic STATE difference across severity (relative pool level)	flux / causal mechanism / clinical prediction / executed neutrophil function
ME585784	cis-4-Hydroxyproline	median=2.15e+07; mean=6.27e+07; n=19	median=2.44e+07; mean=2.52e+07; n=30	median=3.34e+07; mean=3.58e+07; n=26	monotonic_increase_C<=M<=S	descriptive metabolic STATE difference across severity (relative pool level)	flux / causal mechanism / clinical prediction / executed neutrophil function
ME585785	Citicoline	median=1.05e+07; mean=1.18e+07; n=19	median=7.35e+06; mean=7.69e+06; n=30	median=8.42e+06; mean=9.05e+06; n=26	M<S<C (by median)	descriptive metabolic STATE difference across severity (relative pool level)	flux / causal mechanism / clinical prediction / executed neutrophil function
ME585786	Citrulline	median=1.89e+08; mean=1.91e+08; n=19	median=1.45e+08; mean=1.66e+08; n=30	median=1.2e+08; mean=1.22e+08; n=26	monotonic_decrease_C>=M>=S	descriptive metabolic STATE difference across severity (relative pool level)	flux / causal mechanism / clinical prediction / executed neutrophil function
ME585787	CMP-2-aminoethylphosphonate	median=7.69e+05; mean=7.95e+05; n=19	median=7.98e+05; mean=9.6e+05; n=30	median=6.73e+05; mean=7.42e+05; n=26	S<C<M (by median)	descriptive metabolic STATE difference across severity (relative pool level)	flux / causal mechanism / clinical prediction / executed neutrophil function
ME585788	CoenzymeA	median=2.72e+06; mean=3.18e+06; n=19	median=2.65e+06; mean=3.07e+06; n=30	median=1.61e+06; mean=2.17e+06; n=26	monotonic_decrease_C>=M>=S	descriptive metabolic STATE difference across severity (relative pool level)	flux / causal mechanism / clinical prediction / executed neutrophil function
ME585789	Creatine	median=1.21e+10; mean=1.16e+10; n=19	median=1.07e+10; mean=1.22e+10; n=30	median=2.11e+10; mean=2.08e+10; n=26	M<C<S (by median)	descriptive metabolic STATE difference across severity (relative pool level)	flux / causal mechanism / clinical prediction / executed neutrophil function
ME585790	Creatinine	median=3.82e+08; mean=5.71e+08; n=19	median=1.11e+08; mean=2.25e+08; n=30	median=7.99e+07; mean=1.29e+08; n=26	monotonic_decrease_C>=M>=S	descriptive metabolic STATE difference across severity (relative pool level)	flux / causal mechanism / clinical prediction / executed neutrophil function
ME585791	Cystathionine	median=7.08e+03; mean=2.62e+04; n=19	median=4.19e+04; mean=2.55e+05; n=30	median=3.78e+05; mean=6.92e+05; n=26	monotonic_increase_C<=M<=S	descriptive metabolic STATE difference across severity (relative pool level)	flux / causal mechanism / clinical prediction / executed neutrophil function
ME585792	Cysteate	median=6.25e+05; mean=6.76e+05; n=19	median=1e+06; mean=1.03e+06; n=30	median=1.09e+06; mean=1.41e+06; n=26	monotonic_increase_C<=M<=S	descriptive metabolic STATE difference across severity (relative pool level)	flux / causal mechanism / clinical prediction / executed neutrophil function
ME585793	Cystine	median=1.02e+05; mean=1.26e+06; n=19	median=5.28e+04; mean=2.49e+05; n=30	median=4.75e+04; mean=2.39e+05; n=26	monotonic_decrease_C>=M>=S	descriptive metabolic STATE difference across severity (relative pool level)	flux / causal mechanism / clinical prediction / executed neutrophil function
ME585794	Cytidine	median=8.56e+04; mean=1.21e+05; n=19	median=7.8e+03; mean=3.48e+04; n=30	median=3.46e+04; mean=5.1e+04; n=26	M<S<C (by median)	descriptive metabolic STATE difference across severity (relative pool level)	flux / causal mechanism / clinical prediction / executed neutrophil function
ME585795	Cytidine cyclic phosphate	median=1.18e+05; mean=2.73e+05; n=19	median=3.13e+04; mean=2.91e+05; n=30	median=1.09e+04; mean=5.98e+04; n=26	monotonic_decrease_C>=M>=S	descriptive metabolic STATE difference across severity (relative pool level)	flux / causal mechanism / clinical prediction / executed neutrophil function
ME585796	Cytidine diphosphate	median=1.39e+06; mean=1.89e+06; n=19	median=1.05e+06; mean=1.25e+06; n=30	median=1.27e+06; mean=1.42e+06; n=26	M<S<C (by median)	descriptive metabolic STATE difference across severity (relative pool level)	flux / causal mechanism / clinical prediction / executed neutrophil function
ME585797	Cytidine monophosphate	median=2.79e+06; mean=3.21e+06; n=19	median=2.47e+06; mean=2.49e+06; n=30	median=3.01e+06; mean=3.02e+06; n=26	M<C<S (by median)	descriptive metabolic STATE difference across severity (relative pool level)	flux / causal mechanism / clinical prediction / executed neutrophil function
ME585798	Cytidine triphosphate	median=8.24e+06; mean=8.77e+06; n=19	median=6.16e+06; mean=6.28e+06; n=30	median=6.44e+06; mean=6.42e+06; n=26	M<S<C (by median)	descriptive metabolic STATE difference across severity (relative pool level)	flux / causal mechanism / clinical prediction / executed neutrophil function
ME585799	Decanoate	median=1.79e+06; mean=2.35e+06; n=19	median=1.94e+06; mean=2.88e+06; n=30	median=8.09e+04; mean=2.25e+06; n=26	S<C<M (by median)	descriptive metabolic STATE difference across severity (relative pool level)	flux / causal mechanism / clinical prediction / executed neutrophil function
ME585800	Deoxycytidine monophosphate	median=1.02e+06; mean=1.15e+06; n=19	median=7.5e+05; mean=9.68e+05; n=30	median=3.66e+05; mean=4.09e+05; n=26	monotonic_decrease_C>=M>=S	descriptive metabolic STATE difference across severity (relative pool level)	flux / causal mechanism / clinical prediction / executed neutrophil function
ME585801	Deoxyguanosine diphosphate	median=6.34e+07; mean=6.64e+07; n=19	median=4.77e+07; mean=5.41e+07; n=30	median=4.05e+07; mean=4.32e+07; n=26	monotonic_decrease_C>=M>=S	descriptive metabolic STATE difference across severity (relative pool level)	flux / causal mechanism / clinical prediction / executed neutrophil function
ME585802	Deoxypentose monophosphates	median=5.14e+05; mean=5.52e+05; n=19	median=1.29e+06; mean=1.35e+06; n=30	median=1.5e+06; mean=1.81e+06; n=26	monotonic_increase_C<=M<=S	descriptive metabolic STATE difference across severity (relative pool level)	flux / causal mechanism / clinical prediction / executed neutrophil function
ME585803	Deoxyribose	median=9.75e+05; mean=8.9e+05; n=19	median=1.58e+06; mean=1.71e+06; n=30	median=1.18e+06; mean=1.27e+06; n=26	C<S<M (by median)	descriptive metabolic STATE difference across severity (relative pool level)	flux / causal mechanism / clinical prediction / executed neutrophil function
ME585833	DHAP-isomer	median=1.98e+06; mean=2.43e+06; n=19	median=2.38e+06; mean=4.03e+06; n=30	median=5.32e+06; mean=9.92e+06; n=26	monotonic_increase_C<=M<=S	descriptive metabolic STATE difference across severity (relative pool level)	flux / causal mechanism / clinical prediction / executed neutrophil function
ME585804	Dihydrouracil	median=1.79e+06; mean=1.84e+06; n=19	median=1.64e+06; mean=1.84e+06; n=30	median=3.36e+06; mean=3.31e+06; n=26	M<C<S (by median)	descriptive metabolic STATE difference across severity (relative pool level)	flux / causal mechanism / clinical prediction / executed neutrophil function
ME585805	Dihydroxyacetone phosphate	median=3.01e+06; mean=5.21e+06; n=19	median=2.75e+06; mean=3.42e+06; n=30	median=2.73e+06; mean=5.84e+06; n=26	monotonic_decrease_C>=M>=S	descriptive metabolic STATE difference across severity (relative pool level)	flux / causal mechanism / clinical prediction / executed neutrophil function
ME585806	dimethylglycine	median=2.97e+07; mean=4.95e+07; n=19	median=9.61e+07; mean=1.19e+08; n=30	median=1.04e+08; mean=1.38e+08; n=26	monotonic_increase_C<=M<=S	descriptive metabolic STATE difference across severity (relative pool level)	flux / causal mechanism / clinical prediction / executed neutrophil function
ME585807	Diphthamide	median=6.1e+06; mean=6.34e+06; n=19	median=6.7e+06; mean=7.02e+06; n=30	median=7.95e+06; mean=8.24e+06; n=26	monotonic_increase_C<=M<=S	descriptive metabolic STATE difference across severity (relative pool level)	flux / causal mechanism / clinical prediction / executed neutrophil function
ME585808	dTDP-glucose	median=2.17e+05; mean=2.46e+05; n=19	median=1.98e+05; mean=1.82e+05; n=30	median=2.08e+05; mean=1.93e+05; n=26	M<S<C (by median)	descriptive metabolic STATE difference across severity (relative pool level)	flux / causal mechanism / clinical prediction / executed neutrophil function
ME585809	Ergothioneine	median=1.2e+09; mean=2.34e+09; n=19	median=2.08e+09; mean=3.65e+09; n=30	median=2.3e+09; mean=2.79e+09; n=26	monotonic_increase_C<=M<=S	descriptive metabolic STATE difference across severity (relative pool level)	flux / causal mechanism / clinical prediction / executed neutrophil function
ME585810	Erythrose 4-phosphate	median=5.79e+05; mean=9.51e+05; n=19	median=9.19e+05; mean=1.03e+06; n=30	median=1.3e+04; mean=9.43e+04; n=26	S<C<M (by median)	descriptive metabolic STATE difference across severity (relative pool level)	flux / causal mechanism / clinical prediction / executed neutrophil function
ME585812	FA (20:2)	median=1.17e+07; mean=1.27e+07; n=19	median=9.68e+06; mean=1.05e+07; n=30	median=9.1e+06; mean=1.12e+07; n=26	monotonic_decrease_C>=M>=S	descriptive metabolic STATE difference across severity (relative pool level)	flux / causal mechanism / clinical prediction / executed neutrophil function
ME585813	Fructose 1,6-bisphosphate	median=5.54e+06; mean=7e+06; n=19	median=5.43e+06; mean=9.86e+06; n=30	median=5.51e+06; mean=6.51e+06; n=26	M<S<C (by median)	descriptive metabolic STATE difference across severity (relative pool level)	flux / causal mechanism / clinical prediction / executed neutrophil function
ME585811	Fructose 6-phosphate	median=6.87e+07; mean=7.64e+07; n=19	median=2.4e+07; mean=2.93e+07; n=30	median=2.5e+07; mean=2.7e+07; n=26	M<S<C (by median)	descriptive metabolic STATE difference across severity (relative pool level)	flux / causal mechanism / clinical prediction / executed neutrophil function
ME585814	Fucose 1-phosphate	median=1.04e+07; mean=1.12e+07; n=19	median=1.37e+06; mean=1.8e+06; n=30	median=1.46e+06; mean=2.09e+06; n=26	M<S<C (by median)	descriptive metabolic STATE difference across severity (relative pool level)	flux / causal mechanism / clinical prediction / executed neutrophil function
ME585815	Galacturonate	median=2.54e+06; mean=2.31e+06; n=19	median=2.1e+06; mean=2.58e+06; n=30	median=3.87e+06; mean=4.02e+06; n=26	M<C<S (by median)	descriptive metabolic STATE difference across severity (relative pool level)	flux / causal mechanism / clinical prediction / executed neutrophil function
ME585816	Gamma-aminobutyrate	median=2.58e+07; mean=2.74e+07; n=19	median=3.77e+07; mean=3.94e+07; n=30	median=5.66e+07; mean=5.94e+07; n=26	monotonic_increase_C<=M<=S	descriptive metabolic STATE difference across severity (relative pool level)	flux / causal mechanism / clinical prediction / executed neutrophil function
ME585817	Glu-Asp	median=5.97e+06; mean=5.9e+06; n=19	median=5.25e+06; mean=8.1e+06; n=30	median=3.16e+06; mean=4.07e+07; n=26	monotonic_decrease_C>=M>=S	descriptive metabolic STATE difference across severity (relative pool level)	flux / causal mechanism / clinical prediction / executed neutrophil function
ME585818	Gluconate	median=1.13e+08; mean=1.11e+08; n=19	median=1.11e+08; mean=1.61e+08; n=30	median=1.26e+08; mean=1.41e+08; n=26	M<C<S (by median)	descriptive metabolic STATE difference across severity (relative pool level)	flux / causal mechanism / clinical prediction / executed neutrophil function
ME585819	Glucosamine 6-phosphate	median=8.64e+05; mean=8.36e+05; n=19	median=7.4e+05; mean=8.3e+05; n=30	median=9.02e+05; mean=1.03e+06; n=26	M<C<S (by median)	descriptive metabolic STATE difference across severity (relative pool level)	flux / causal mechanism / clinical prediction / executed neutrophil function
ME585820	Glucosamine 6-sulfate	median=2.79e+07; mean=3.05e+07; n=19	median=3.68e+07; mean=3.48e+07; n=30	median=4.29e+07; mean=4.11e+07; n=26	monotonic_increase_C<=M<=S	descriptive metabolic STATE difference across severity (relative pool level)	flux / causal mechanism / clinical prediction / executed neutrophil function
ME585821	Glucose 6-phosphate	median=7.82e+07; mean=9.32e+07; n=19	median=2.71e+07; mean=3.17e+07; n=30	median=3.31e+07; mean=3.53e+07; n=26	M<S<C (by median)	descriptive metabolic STATE difference across severity (relative pool level)	flux / causal mechanism / clinical prediction / executed neutrophil function
ME585822	Glucuronolactone	median=2.92e+05; mean=3.07e+05; n=19	median=8.16e+05; mean=8.38e+05; n=30	median=5.43e+05; mean=6.94e+05; n=26	C<S<M (by median)	descriptive metabolic STATE difference across severity (relative pool level)	flux / causal mechanism / clinical prediction / executed neutrophil function
ME585823	Glu-Gln	median=1.36e+07; mean=1.98e+07; n=19	median=7.77e+06; mean=8.23e+06; n=30	median=8.81e+06; mean=1.12e+07; n=26	M<S<C (by median)	descriptive metabolic STATE difference across severity (relative pool level)	flux / causal mechanism / clinical prediction / executed neutrophil function
ME585824	Glu-Glu	median=3.55e+05; mean=6.1e+05; n=19	median=4.49e+05; mean=4.72e+05; n=30	median=7.68e+05; mean=8.84e+05; n=26	monotonic_increase_C<=M<=S	descriptive metabolic STATE difference across severity (relative pool level)	flux / causal mechanism / clinical prediction / executed neutrophil function
ME585825	Glu-Pro	median=4.08e+06; mean=4.29e+06; n=19	median=5.57e+06; mean=6.19e+06; n=30	median=7.18e+06; mean=7.6e+06; n=26	monotonic_increase_C<=M<=S	descriptive metabolic STATE difference across severity (relative pool level)	flux / causal mechanism / clinical prediction / executed neutrophil function
ME585826	Glutamate	median=2.47e+09; mean=2.49e+09; n=19	median=2.84e+09; mean=2.82e+09; n=30	median=3.26e+09; mean=3.26e+09; n=26	monotonic_increase_C<=M<=S	descriptive metabolic STATE difference across severity (relative pool level)	flux / causal mechanism / clinical prediction / executed neutrophil function
ME585827	Glutamine	median=5.34e+09; mean=5.43e+09; n=19	median=5.86e+09; mean=6.03e+09; n=30	median=6.21e+09; mean=5.93e+09; n=26	monotonic_increase_C<=M<=S	descriptive metabolic STATE difference across severity (relative pool level)	flux / causal mechanism / clinical prediction / executed neutrophil function
ME585828	Glutamylcysteine	median=5.95e+05; mean=1.25e+06; n=19	median=1.18e+06; mean=1.21e+06; n=30	median=9.78e+05; mean=1.33e+06; n=26	C<S<M (by median)	descriptive metabolic STATE difference across severity (relative pool level)	flux / causal mechanism / clinical prediction / executed neutrophil function
ME585829	glutamyllysine	median=1.32e+07; mean=2.03e+07; n=19	median=4.63e+07; mean=5.58e+07; n=30	median=1.34e+07; mean=1.75e+07; n=26	C<S<M (by median)	descriptive metabolic STATE difference across severity (relative pool level)	flux / causal mechanism / clinical prediction / executed neutrophil function
ME585830	Glutarate	median=4e+06; mean=4.45e+06; n=19	median=5.01e+06; mean=5.11e+06; n=30	median=2.44e+06; mean=4.51e+06; n=26	S<C<M (by median)	descriptive metabolic STATE difference across severity (relative pool level)	flux / causal mechanism / clinical prediction / executed neutrophil function
ME585831	Glutathione	median=5.63e+09; mean=5.49e+09; n=19	median=5.14e+09; mean=5.2e+09; n=30	median=5.06e+09; mean=5.3e+09; n=26	monotonic_decrease_C>=M>=S	descriptive metabolic STATE difference across severity (relative pool level)	flux / causal mechanism / clinical prediction / executed neutrophil function
ME585832	Glutathione disulfide	median=1.11e+08; mean=1.64e+08; n=19	median=5.18e+07; mean=7.94e+07; n=30	median=4.54e+07; mean=4.98e+07; n=26	monotonic_decrease_C>=M>=S	descriptive metabolic STATE difference across severity (relative pool level)	flux / causal mechanism / clinical prediction / executed neutrophil function
ME585834	Glycerol 3-phosphate	median=3.47e+06; mean=3.55e+06; n=19	median=1.65e+06; mean=2.02e+06; n=30	median=4.07e+06; mean=4.23e+06; n=26	M<C<S (by median)	descriptive metabolic STATE difference across severity (relative pool level)	flux / causal mechanism / clinical prediction / executed neutrophil function
ME585835	Glycerophosphocholine	median=2.09e+08; mean=2.12e+08; n=19	median=2.21e+08; mean=2.39e+08; n=30	median=1.64e+08; mean=2.97e+08; n=26	S<C<M (by median)	descriptive metabolic STATE difference across severity (relative pool level)	flux / causal mechanism / clinical prediction / executed neutrophil function
ME585836	Glycerophosphoethanolamine	median=5.85e+06; mean=6.88e+06; n=19	median=7.09e+06; mean=7.91e+06; n=30	median=3.77e+06; mean=8.8e+06; n=26	S<C<M (by median)	descriptive metabolic STATE difference across severity (relative pool level)	flux / causal mechanism / clinical prediction / executed neutrophil function
ME585837	Glycerophosphoglycerol	median=2.77e+06; mean=4.47e+06; n=19	median=5.28e+06; mean=7.94e+06; n=30	median=7.95e+06; mean=1.21e+07; n=26	monotonic_increase_C<=M<=S	descriptive metabolic STATE difference across severity (relative pool level)	flux / causal mechanism / clinical prediction / executed neutrophil function
ME585838	Glycerophosphoinositol	median=8.37e+06; mean=9.33e+06; n=19	median=5.78e+06; mean=6.61e+06; n=30	median=8.45e+06; mean=1.05e+07; n=26	M<C<S (by median)	descriptive metabolic STATE difference across severity (relative pool level)	flux / causal mechanism / clinical prediction / executed neutrophil function
ME585839	Glycine	median=9.53e+07; mean=9.85e+07; n=19	median=8e+07; mean=8.15e+07; n=30	median=1.1e+08; mean=1.09e+08; n=26	M<C<S (by median)	descriptive metabolic STATE difference across severity (relative pool level)	flux / causal mechanism / clinical prediction / executed neutrophil function
ME585840	Glycineamideribotide	median=4.93e+03; mean=1.53e+05; n=19	median=1.27e+05; mean=3.96e+05; n=30	median=2.35e+04; mean=1.97e+05; n=26	C<S<M (by median)	descriptive metabolic STATE difference across severity (relative pool level)	flux / causal mechanism / clinical prediction / executed neutrophil function
ME585841	Glycylglutamine	median=3.73e+09; mean=4.47e+09; n=19	median=7.83e+09; mean=8.82e+09; n=30	median=1.01e+10; mean=1.14e+10; n=26	monotonic_increase_C<=M<=S	descriptive metabolic STATE difference across severity (relative pool level)	flux / causal mechanism / clinical prediction / executed neutrophil function
ME585842	Gly-Leu	median=1.28e+06; mean=4.48e+06; n=19	median=1.48e+06; mean=1.97e+06; n=30	median=1.09e+06; mean=1.31e+06; n=26	S<C<M (by median)	descriptive metabolic STATE difference across severity (relative pool level)	flux / causal mechanism / clinical prediction / executed neutrophil function
ME585843	Guanidinoacetate	median=2.05e+08; mean=1.97e+08; n=19	median=7.26e+07; mean=1.16e+08; n=30	median=5.75e+07; mean=1.07e+08; n=26	monotonic_decrease_C>=M>=S	descriptive metabolic STATE difference across severity (relative pool level)	flux / causal mechanism / clinical prediction / executed neutrophil function
ME585844	Guanidinosuccinate	median=1.53e+05; mean=4.63e+05; n=19	median=1.44e+05; mean=2.09e+06; n=30	median=8.25e+05; mean=1.55e+06; n=26	M<C<S (by median)	descriptive metabolic STATE difference across severity (relative pool level)	flux / causal mechanism / clinical prediction / executed neutrophil function
ME585845	Guanine	median=8.01e+06; mean=1e+07; n=19	median=4.42e+06; mean=4.55e+06; n=30	median=4.55e+06; mean=5.28e+06; n=26	M<S<C (by median)	descriptive metabolic STATE difference across severity (relative pool level)	flux / causal mechanism / clinical prediction / executed neutrophil function
ME585846	Guanosine	median=1.41e+05; mean=5.27e+05; n=19	median=6.48e+04; mean=5.37e+05; n=30	median=1.59e+05; mean=2.78e+05; n=26	M<C<S (by median)	descriptive metabolic STATE difference across severity (relative pool level)	flux / causal mechanism / clinical prediction / executed neutrophil function
ME585847	Guanosine diphosphate	median=9.79e+06; mean=1.29e+07; n=19	median=8.47e+06; mean=9.81e+06; n=30	median=6.8e+06; mean=7.08e+06; n=26	monotonic_decrease_C>=M>=S	descriptive metabolic STATE difference across severity (relative pool level)	flux / causal mechanism / clinical prediction / executed neutrophil function
ME585848	Guanosine diphosphate mannose	median=1.57e+07; mean=1.47e+07; n=19	median=9.69e+06; mean=9.97e+06; n=30	median=6.48e+06; mean=6.85e+06; n=26	monotonic_decrease_C>=M>=S	descriptive metabolic STATE difference across severity (relative pool level)	flux / causal mechanism / clinical prediction / executed neutrophil function
ME585849	Guanosine monophosphate	median=1.51e+06; mean=4.4e+06; n=19	median=2.22e+06; mean=2.63e+06; n=30	median=2.99e+06; mean=3.57e+06; n=26	monotonic_increase_C<=M<=S	descriptive metabolic STATE difference across severity (relative pool level)	flux / causal mechanism / clinical prediction / executed neutrophil function
ME585850	Hexose_RT7.2	median=4.35e+05; mean=3.59e+06; n=19	median=2.08e+05; mean=2.57e+05; n=30	median=1.66e+05; mean=2.12e+05; n=26	monotonic_decrease_C>=M>=S	descriptive metabolic STATE difference across severity (relative pool level)	flux / causal mechanism / clinical prediction / executed neutrophil function
ME585851	Hexose_RT7.7	median=3.99e+06; mean=5.37e+06; n=19	median=1.32e+07; mean=1.5e+07; n=30	median=5.69e+06; mean=1.08e+07; n=26	C<S<M (by median)	descriptive metabolic STATE difference across severity (relative pool level)	flux / causal mechanism / clinical prediction / executed neutrophil function
ME585852	Hexose_RT8.7	median=2.58e+06; mean=3.73e+06; n=19	median=6.11e+06; mean=8.23e+06; n=30	median=6.66e+06; mean=1.1e+07; n=26	monotonic_increase_C<=M<=S	descriptive metabolic STATE difference across severity (relative pool level)	flux / causal mechanism / clinical prediction / executed neutrophil function
ME585853	Hippurate	median=3.52e+06; mean=5.32e+06; n=19	median=2.68e+06; mean=1.41e+07; n=30	median=3.28e+06; mean=2.29e+07; n=26	M<S<C (by median)	descriptive metabolic STATE difference across severity (relative pool level)	flux / causal mechanism / clinical prediction / executed neutrophil function
ME585854	Histamine	median=4e+08; mean=4.3e+08; n=19	median=6.67e+07; mean=1.28e+08; n=30	median=2.52e+07; mean=4.64e+07; n=26	monotonic_decrease_C>=M>=S	descriptive metabolic STATE difference across severity (relative pool level)	flux / causal mechanism / clinical prediction / executed neutrophil function
ME585855	Histidine	median=3.4e+08; mean=5.74e+08; n=19	median=1.93e+08; mean=2.31e+08; n=30	median=3.32e+08; mean=3.04e+08; n=26	M<S<C (by median)	descriptive metabolic STATE difference across severity (relative pool level)	flux / causal mechanism / clinical prediction / executed neutrophil function
ME585856	Homoarginine	median=3.68e+06; mean=3.76e+06; n=19	median=3.07e+06; mean=3.56e+06; n=30	median=4.57e+06; mean=4.74e+06; n=26	M<C<S (by median)	descriptive metabolic STATE difference across severity (relative pool level)	flux / causal mechanism / clinical prediction / executed neutrophil function
ME585857	Homovanillate	median=1.03e+06; mean=1.02e+06; n=19	median=1.32e+06; mean=1.72e+06; n=30	median=1.65e+06; mean=2.82e+06; n=26	monotonic_increase_C<=M<=S	descriptive metabolic STATE difference across severity (relative pool level)	flux / causal mechanism / clinical prediction / executed neutrophil function
ME585858	Hydroxycitrate	median=9.68e+07; mean=1.01e+08; n=19	median=6.47e+07; mean=7.74e+07; n=30	median=4.44e+07; mean=5.84e+07; n=26	monotonic_decrease_C>=M>=S	descriptive metabolic STATE difference across severity (relative pool level)	flux / causal mechanism / clinical prediction / executed neutrophil function
ME585859	Hydroxyphenyllactate	median=1.03e+06; mean=1.02e+06; n=19	median=1.32e+06; mean=1.72e+06; n=30	median=1.65e+06; mean=2.82e+06; n=26	monotonic_increase_C<=M<=S	descriptive metabolic STATE difference across severity (relative pool level)	flux / causal mechanism / clinical prediction / executed neutrophil function
ME585860	Hypotaurine	median=6.97e+08; mean=8.62e+08; n=19	median=6.32e+08; mean=6.83e+08; n=30	median=1.38e+09; mean=1.67e+09; n=26	M<C<S (by median)	descriptive metabolic STATE difference across severity (relative pool level)	flux / causal mechanism / clinical prediction / executed neutrophil function
ME585861	Hypoxanthine	median=5.38e+08; mean=5.66e+08; n=19	median=1.62e+08; mean=1.61e+08; n=30	median=9.4e+07; mean=1.21e+08; n=26	monotonic_decrease_C>=M>=S	descriptive metabolic STATE difference across severity (relative pool level)	flux / causal mechanism / clinical prediction / executed neutrophil function
ME585862	Indoxyl sulfate	median=1.19e+06; mean=7.28e+06; n=19	median=5.36e+05; mean=9.26e+05; n=30	median=4.41e+05; mean=1.21e+06; n=26	monotonic_decrease_C>=M>=S	descriptive metabolic STATE difference across severity (relative pool level)	flux / causal mechanism / clinical prediction / executed neutrophil function
ME585863	Inosine	median=1.25e+06; mean=5.11e+06; n=19	median=9.17e+05; mean=1.08e+06; n=30	median=1.77e+06; mean=2.14e+06; n=26	M<C<S (by median)	descriptive metabolic STATE difference across severity (relative pool level)	flux / causal mechanism / clinical prediction / executed neutrophil function
ME585864	Inosine monophosphate	median=1.32e+07; mean=7.04e+07; n=19	median=5.85e+06; mean=7.29e+06; n=30	median=6.81e+06; mean=8.99e+06; n=26	M<S<C (by median)	descriptive metabolic STATE difference across severity (relative pool level)	flux / causal mechanism / clinical prediction / executed neutrophil function
ME585865	Itaconate	median=1.03e+07; mean=1.34e+07; n=19	median=7.49e+06; mean=8.51e+06; n=30	median=7.21e+06; mean=8.69e+06; n=26	monotonic_decrease_C>=M>=S	descriptive metabolic STATE difference across severity (relative pool level)	flux / causal mechanism / clinical prediction / executed neutrophil function
ME585866	Kynurenine	median=9.6e+06; mean=1.45e+07; n=19	median=4.55e+06; mean=6.72e+06; n=30	median=7.21e+06; mean=1.48e+07; n=26	M<S<C (by median)	descriptive metabolic STATE difference across severity (relative pool level)	flux / causal mechanism / clinical prediction / executed neutrophil function
ME585867	Lactate	median=1.43e+09; mean=1.71e+09; n=19	median=1.13e+09; mean=1.52e+09; n=30	median=1.87e+09; mean=1.99e+09; n=26	M<C<S (by median)	descriptive metabolic STATE difference across severity (relative pool level)	flux / causal mechanism / clinical prediction / executed neutrophil function
ME585868	Leucine/Isoleucine	median=3.29e+08; mean=1.02e+09; n=19	median=1.94e+08; mean=2.36e+08; n=30	median=2.38e+08; mean=2.37e+08; n=26	M<S<C (by median)	descriptive metabolic STATE difference across severity (relative pool level)	flux / causal mechanism / clinical prediction / executed neutrophil function
ME585869	Leu-Pro	median=1.34e+08; mean=1.43e+08; n=19	median=1.18e+08; mean=1.61e+08; n=30	median=1.44e+08; mean=1.87e+08; n=26	M<C<S (by median)	descriptive metabolic STATE difference across severity (relative pool level)	flux / causal mechanism / clinical prediction / executed neutrophil function
ME585870	Leu-Val	median=3.41e+06; mean=4.19e+06; n=19	median=5.77e+06; mean=7.74e+06; n=30	median=3.7e+06; mean=3.86e+06; n=26	C<S<M (by median)	descriptive metabolic STATE difference across severity (relative pool level)	flux / causal mechanism / clinical prediction / executed neutrophil function
ME585871	Lysine	median=1.59e+08; mean=2.65e+08; n=19	median=1.66e+08; mean=1.72e+08; n=30	median=1.9e+08; mean=1.95e+08; n=26	monotonic_increase_C<=M<=S	descriptive metabolic STATE difference across severity (relative pool level)	flux / causal mechanism / clinical prediction / executed neutrophil function
ME585872	Malate	median=7.82e+08; mean=7.81e+08; n=19	median=2.99e+08; mean=4.21e+08; n=30	median=3.22e+08; mean=3.45e+08; n=26	M<S<C (by median)	descriptive metabolic STATE difference across severity (relative pool level)	flux / causal mechanism / clinical prediction / executed neutrophil function
ME585873	Methacholine	median=1.13e+08; mean=1.36e+08; n=19	median=1.51e+08; mean=2.17e+08; n=30	median=1.39e+08; mean=1.91e+08; n=26	C<S<M (by median)	descriptive metabolic STATE difference across severity (relative pool level)	flux / causal mechanism / clinical prediction / executed neutrophil function
ME585874	Methionine	median=3.95e+07; mean=1.28e+08; n=19	median=2.21e+07; mean=2.96e+07; n=30	median=2.97e+07; mean=3.24e+07; n=26	M<S<C (by median)	descriptive metabolic STATE difference across severity (relative pool level)	flux / causal mechanism / clinical prediction / executed neutrophil function
ME585875	Methyl 4-aminobutyrate	median=3.18e+08; mean=3.95e+08; n=19	median=2.8e+08; mean=2.93e+08; n=30	median=2.81e+08; mean=3.06e+08; n=26	M<S<C (by median)	descriptive metabolic STATE difference across severity (relative pool level)	flux / causal mechanism / clinical prediction / executed neutrophil function
ME585876	Methylguanine	median=2.14e+05; mean=2.66e+05; n=19	median=3.23e+05; mean=8.01e+05; n=30	median=2.4e+06; mean=3.39e+06; n=26	monotonic_increase_C<=M<=S	descriptive metabolic STATE difference across severity (relative pool level)	flux / causal mechanism / clinical prediction / executed neutrophil function
ME585877	Myoinositol	median=4.88e+07; mean=6.01e+07; n=19	median=5.99e+07; mean=7.13e+07; n=30	median=5.41e+07; mean=9.71e+07; n=26	C<S<M (by median)	descriptive metabolic STATE difference across severity (relative pool level)	flux / causal mechanism / clinical prediction / executed neutrophil function
ME585881	N-Acetylalanine	median=6.72e+06; mean=7.07e+06; n=19	median=5.62e+06; mean=6.36e+06; n=30	median=7.78e+06; mean=7.9e+06; n=26	M<C<S (by median)	descriptive metabolic STATE difference across severity (relative pool level)	flux / causal mechanism / clinical prediction / executed neutrophil function
ME585882	N-Acetylasparagine	median=4.61e+06; mean=4.62e+06; n=19	median=5.63e+06; mean=5.78e+06; n=30	median=3.27e+06; mean=4.76e+06; n=26	S<C<M (by median)	descriptive metabolic STATE difference across severity (relative pool level)	flux / causal mechanism / clinical prediction / executed neutrophil function
ME585883	N-Acetylcitrulline	median=4.21e+05; mean=7.15e+05; n=19	median=1.69e+06; mean=1.64e+06; n=30	median=6.88e+05; mean=9.33e+05; n=26	C<S<M (by median)	descriptive metabolic STATE difference across severity (relative pool level)	flux / causal mechanism / clinical prediction / executed neutrophil function
ME585884	N-Acetylcysteine	median=4.34e+05; mean=8.53e+05; n=19	median=1.96e+05; mean=2.94e+05; n=30	median=2.12e+05; mean=3.46e+05; n=26	M<S<C (by median)	descriptive metabolic STATE difference across severity (relative pool level)	flux / causal mechanism / clinical prediction / executed neutrophil function
ME585885	N-Acetylglutamine	median=4.07e+05; mean=4.89e+05; n=19	median=3.31e+05; mean=4.51e+05; n=30	median=4.86e+05; mean=6.46e+05; n=26	M<C<S (by median)	descriptive metabolic STATE difference across severity (relative pool level)	flux / causal mechanism / clinical prediction / executed neutrophil function
ME585886	N-Acetylglycine	median=5.88e+06; mean=6.57e+06; n=19	median=5.33e+06; mean=5.9e+06; n=30	median=5.93e+06; mean=6.31e+06; n=26	M<C<S (by median)	descriptive metabolic STATE difference across severity (relative pool level)	flux / causal mechanism / clinical prediction / executed neutrophil function
ME585887	N-Acetylhexosamine	median=2.67e+06; mean=3.01e+06; n=19	median=2.39e+06; mean=2.5e+06; n=30	median=2.78e+06; mean=3.16e+06; n=26	M<C<S (by median)	descriptive metabolic STATE difference across severity (relative pool level)	flux / causal mechanism / clinical prediction / executed neutrophil function
ME585888	N-Acetylhexosamine phosphate	median=1.46e+07; mean=1.68e+07; n=19	median=1.61e+07; mean=1.7e+07; n=30	median=1.9e+07; mean=2.06e+07; n=26	monotonic_increase_C<=M<=S	descriptive metabolic STATE difference across severity (relative pool level)	flux / causal mechanism / clinical prediction / executed neutrophil function
ME585889	N-Acetylhexosamine sulfate	median=1.22e+09; mean=1.14e+09; n=19	median=1.24e+09; mean=1.27e+09; n=30	median=1.34e+09; mean=1.37e+09; n=26	monotonic_increase_C<=M<=S	descriptive metabolic STATE difference across severity (relative pool level)	flux / causal mechanism / clinical prediction / executed neutrophil function
ME585890	N-Acetylmethionine	median=7.57e+06; mean=9.2e+06; n=19	median=7.07e+06; mean=8.46e+06; n=30	median=7.71e+06; mean=9.52e+06; n=26	M<C<S (by median)	descriptive metabolic STATE difference across severity (relative pool level)	flux / causal mechanism / clinical prediction / executed neutrophil function
ME585891	N-Acetylneuraminate	median=3.29e+06; mean=3.86e+06; n=19	median=6.02e+06; mean=8.2e+06; n=30	median=4.22e+06; mean=5.53e+06; n=26	C<S<M (by median)	descriptive metabolic STATE difference across severity (relative pool level)	flux / causal mechanism / clinical prediction / executed neutrophil function
ME585892	N-Acetylornithine	median=1.08e+06; mean=1.17e+06; n=19	median=3.58e+05; mean=1.04e+06; n=30	median=1.26e+05; mean=2.73e+05; n=26	monotonic_decrease_C>=M>=S	descriptive metabolic STATE difference across severity (relative pool level)	flux / causal mechanism / clinical prediction / executed neutrophil function
ME585893	N-Acetylserine	median=1.72e+08; mean=1.62e+08; n=19	median=1.07e+08; mean=1.04e+08; n=30	median=1.2e+08; mean=1.25e+08; n=26	M<S<C (by median)	descriptive metabolic STATE difference across severity (relative pool level)	flux / causal mechanism / clinical prediction / executed neutrophil function
ME585894	NAD+	median=3.99e+07; mean=4.22e+07; n=19	median=3.69e+07; mean=4.18e+07; n=30	median=5.56e+07; mean=5.75e+07; n=26	M<C<S (by median)	descriptive metabolic STATE difference across severity (relative pool level)	flux / causal mechanism / clinical prediction / executed neutrophil function
ME585895	NADH	median=4.39e+06; mean=6.27e+06; n=19	median=2.59e+06; mean=3.33e+06; n=30	median=1.82e+06; mean=2.34e+06; n=26	monotonic_decrease_C>=M>=S	descriptive metabolic STATE difference across severity (relative pool level)	flux / causal mechanism / clinical prediction / executed neutrophil function
ME585896	NADP+	median=9.57e+06; mean=9.63e+06; n=19	median=7.31e+06; mean=8.89e+06; n=30	median=5.13e+06; mean=5.82e+06; n=26	monotonic_decrease_C>=M>=S	descriptive metabolic STATE difference across severity (relative pool level)	flux / causal mechanism / clinical prediction / executed neutrophil function
ME585897	NADPH	median=2.6e+05; mean=4.13e+05; n=19	median=3.38e+05; mean=4.19e+05; n=30	median=5.57e+05; mean=7.31e+05; n=26	monotonic_increase_C<=M<=S	descriptive metabolic STATE difference across severity (relative pool level)	flux / causal mechanism / clinical prediction / executed neutrophil function
ME585898	N-Formylmethionine	median=2.47e+06; mean=2.66e+06; n=19	median=2.34e+06; mean=2.47e+06; n=30	median=3.29e+06; mean=3.68e+06; n=26	M<C<S (by median)	descriptive metabolic STATE difference across severity (relative pool level)	flux / causal mechanism / clinical prediction / executed neutrophil function
ME585899	Nicotinamide	median=2.11e+07; mean=5.79e+07; n=19	median=2.07e+07; mean=2.64e+07; n=30	median=3.18e+07; mean=3.67e+07; n=26	M<C<S (by median)	descriptive metabolic STATE difference across severity (relative pool level)	flux / causal mechanism / clinical prediction / executed neutrophil function
ME585879	N,N-Dimethylarginine	median=7.56e+07; mean=7.7e+07; n=19	median=8.18e+07; mean=8.53e+07; n=30	median=1.15e+08; mean=1.32e+08; n=26	monotonic_increase_C<=M<=S	descriptive metabolic STATE difference across severity (relative pool level)	flux / causal mechanism / clinical prediction / executed neutrophil function
ME585880	N,N-Dimethyllysine	median=5.92e+06; mean=6.33e+06; n=19	median=4.81e+06; mean=6.24e+06; n=30	median=7.04e+06; mean=7.49e+06; n=26	M<C<S (by median)	descriptive metabolic STATE difference across severity (relative pool level)	flux / causal mechanism / clinical prediction / executed neutrophil function
ME585878	N,N,N-Trimethyllysine	median=4.04e+07; mean=4.23e+07; n=19	median=2.21e+07; mean=3.46e+07; n=30	median=3.23e+07; mean=3.07e+07; n=26	M<S<C (by median)	descriptive metabolic STATE difference across severity (relative pool level)	flux / causal mechanism / clinical prediction / executed neutrophil function
ME585900	Norleucine	median=2.95e+08; mean=5.81e+08; n=19	median=1.92e+08; mean=2.36e+08; n=30	median=2.38e+08; mean=2.37e+08; n=26	M<S<C (by median)	descriptive metabolic STATE difference across severity (relative pool level)	flux / causal mechanism / clinical prediction / executed neutrophil function
ME585901	Ophthalmate	median=1.01e+07; mean=1.03e+07; n=19	median=1.65e+07; mean=2.09e+07; n=30	median=2.08e+07; mean=2.67e+07; n=26	monotonic_increase_C<=M<=S	descriptive metabolic STATE difference across severity (relative pool level)	flux / causal mechanism / clinical prediction / executed neutrophil function
ME585902	Ornithine	median=2.5e+08; mean=2.52e+08; n=19	median=2.4e+08; mean=2.43e+08; n=30	median=2.95e+08; mean=3.08e+08; n=26	M<C<S (by median)	descriptive metabolic STATE difference across severity (relative pool level)	flux / causal mechanism / clinical prediction / executed neutrophil function
ME585903	Orotate	median=8.66e+07; mean=8.17e+07; n=19	median=6.67e+07; mean=8.06e+07; n=30	median=4.41e+07; mean=5.7e+07; n=26	monotonic_decrease_C>=M>=S	descriptive metabolic STATE difference across severity (relative pool level)	flux / causal mechanism / clinical prediction / executed neutrophil function
ME585904	Orotidine	median=2.52e+05; mean=3.23e+05; n=19	median=5.5e+05; mean=6.12e+05; n=30	median=4.92e+05; mean=6.07e+05; n=26	C<S<M (by median)	descriptive metabolic STATE difference across severity (relative pool level)	flux / causal mechanism / clinical prediction / executed neutrophil function
ME585905	Oxoadipate	median=6.93e+05; mean=9.55e+05; n=19	median=6.1e+05; mean=5.92e+05; n=30	median=7.41e+05; mean=9.1e+05; n=26	M<C<S (by median)	descriptive metabolic STATE difference across severity (relative pool level)	flux / causal mechanism / clinical prediction / executed neutrophil function
ME585906	PC (32:0)	median=2.43e+08; mean=3.59e+08; n=19	median=8.85e+08; mean=8.94e+08; n=30	median=9.54e+08; mean=9.86e+08; n=26	monotonic_increase_C<=M<=S	descriptive metabolic STATE difference across severity (relative pool level)	flux / causal mechanism / clinical prediction / executed neutrophil function
ME585907	PC (32:1)	median=2.35e+08; mean=2.24e+08; n=19	median=3.42e+08; mean=3.41e+08; n=30	median=3.41e+08; mean=3.55e+08; n=26	C<S<M (by median)	descriptive metabolic STATE difference across severity (relative pool level)	flux / causal mechanism / clinical prediction / executed neutrophil function
ME585908	PC (32:2)	median=3.52e+07; mean=3.63e+07; n=19	median=3.1e+07; mean=3.52e+07; n=30	median=3.16e+07; mean=3.86e+07; n=26	M<S<C (by median)	descriptive metabolic STATE difference across severity (relative pool level)	flux / causal mechanism / clinical prediction / executed neutrophil function
ME585909	PC (34:1)	median=4.42e+09; mean=4.27e+09; n=19	median=8.5e+09; mean=7.88e+09; n=30	median=7.93e+09; mean=8.15e+09; n=26	C<S<M (by median)	descriptive metabolic STATE difference across severity (relative pool level)	flux / causal mechanism / clinical prediction / executed neutrophil function
ME585910	PC (34:2)	median=2.86e+09; mean=3.07e+09; n=19	median=4.66e+09; mean=4.61e+09; n=30	median=4.44e+09; mean=5.06e+09; n=26	C<S<M (by median)	descriptive metabolic STATE difference across severity (relative pool level)	flux / causal mechanism / clinical prediction / executed neutrophil function
ME585911	PC (36:1)	median=5.53e+08; mean=7.97e+08; n=19	median=1.72e+09; mean=1.64e+09; n=30	median=1.25e+09; mean=1.4e+09; n=26	C<S<M (by median)	descriptive metabolic STATE difference across severity (relative pool level)	flux / causal mechanism / clinical prediction / executed neutrophil function
ME585912	PC (36:2)	median=3.06e+09; mean=3.33e+09; n=19	median=5.26e+09; mean=5.25e+09; n=30	median=6.12e+09; mean=5.91e+09; n=26	monotonic_increase_C<=M<=S	descriptive metabolic STATE difference across severity (relative pool level)	flux / causal mechanism / clinical prediction / executed neutrophil function
ME585913	PC (36:4)	median=1.05e+09; mean=1.03e+09; n=19	median=1.22e+09; mean=1.36e+09; n=30	median=9.62e+08; mean=1.13e+09; n=26	S<C<M (by median)	descriptive metabolic STATE difference across severity (relative pool level)	flux / causal mechanism / clinical prediction / executed neutrophil function
ME585914	PC (36:5)	median=6.92e+07; mean=7.72e+07; n=19	median=8.11e+07; mean=8.56e+07; n=30	median=6.27e+07; mean=8.39e+07; n=26	S<C<M (by median)	descriptive metabolic STATE difference across severity (relative pool level)	flux / causal mechanism / clinical prediction / executed neutrophil function
ME585915	PC (38:4)	median=5.85e+08; mean=6.02e+08; n=19	median=7.35e+08; mean=7.54e+08; n=30	median=7.03e+08; mean=7.79e+08; n=26	C<S<M (by median)	descriptive metabolic STATE difference across severity (relative pool level)	flux / causal mechanism / clinical prediction / executed neutrophil function
ME585916	PC (38:5)	median=3.55e+08; mean=3.57e+08; n=19	median=3.84e+08; mean=4.02e+08; n=30	median=3.32e+08; mean=3.4e+08; n=26	S<C<M (by median)	descriptive metabolic STATE difference across severity (relative pool level)	flux / causal mechanism / clinical prediction / executed neutrophil function
ME585917	PC (40:4)	median=4.84e+07; mean=4.51e+07; n=19	median=6.45e+07; mean=6.71e+07; n=30	median=7.3e+07; mean=7.7e+07; n=26	monotonic_increase_C<=M<=S	descriptive metabolic STATE difference across severity (relative pool level)	flux / causal mechanism / clinical prediction / executed neutrophil function
ME585918	PC (40:5)	median=1.03e+08; mean=1.09e+08; n=19	median=1.51e+08; mean=1.45e+08; n=30	median=1.63e+08; mean=1.54e+08; n=26	monotonic_increase_C<=M<=S	descriptive metabolic STATE difference across severity (relative pool level)	flux / causal mechanism / clinical prediction / executed neutrophil function
ME585919	PC (40:6)	median=9.31e+07; mean=9.44e+07; n=19	median=1.1e+08; mean=1.15e+08; n=30	median=1.14e+08; mean=1.24e+08; n=26	monotonic_increase_C<=M<=S	descriptive metabolic STATE difference across severity (relative pool level)	flux / causal mechanism / clinical prediction / executed neutrophil function
ME585920	PC (40:8)	median=1.16e+07; mean=1.06e+07; n=19	median=7.5e+06; mean=1.11e+07; n=30	median=5.76e+06; mean=5.8e+06; n=26	monotonic_decrease_C>=M>=S	descriptive metabolic STATE difference across severity (relative pool level)	flux / causal mechanism / clinical prediction / executed neutrophil function
ME585921	P-DMEA	median=3.26e+07; mean=3.13e+07; n=19	median=3.3e+07; mean=3.91e+07; n=30	median=5.31e+07; mean=4.91e+07; n=26	monotonic_increase_C<=M<=S	descriptive metabolic STATE difference across severity (relative pool level)	flux / causal mechanism / clinical prediction / executed neutrophil function
ME585922	PE (34:1)	median=1.24e+07; mean=1.44e+07; n=19	median=3.13e+07; mean=3.48e+07; n=30	median=3.22e+07; mean=3.92e+07; n=26	monotonic_increase_C<=M<=S	descriptive metabolic STATE difference across severity (relative pool level)	flux / causal mechanism / clinical prediction / executed neutrophil function
ME585923	PE (34:2)	median=7.77e+06; mean=1.09e+07; n=19	median=2.2e+07; mean=2.3e+07; n=30	median=1.92e+07; mean=2.75e+07; n=26	C<S<M (by median)	descriptive metabolic STATE difference across severity (relative pool level)	flux / causal mechanism / clinical prediction / executed neutrophil function
ME585924	PE (36:1)	median=5.63e+07; mean=6.66e+07; n=19	median=1.12e+08; mean=1.2e+08; n=30	median=1.2e+08; mean=1.26e+08; n=26	monotonic_increase_C<=M<=S	descriptive metabolic STATE difference across severity (relative pool level)	flux / causal mechanism / clinical prediction / executed neutrophil function
ME585925	PE (36:2)	median=4.86e+07; mean=6.1e+07; n=19	median=1.05e+08; mean=1.03e+08; n=30	median=1.08e+08; mean=1.18e+08; n=26	monotonic_increase_C<=M<=S	descriptive metabolic STATE difference across severity (relative pool level)	flux / causal mechanism / clinical prediction / executed neutrophil function
ME585926	PE (36:3)	median=2.26e+07; mean=2.68e+07; n=19	median=4.49e+07; mean=4.63e+07; n=30	median=4.41e+07; mean=5.81e+07; n=26	C<S<M (by median)	descriptive metabolic STATE difference across severity (relative pool level)	flux / causal mechanism / clinical prediction / executed neutrophil function
ME585927	PE (38:1)	median=5.02e+07; mean=6.44e+07; n=19	median=1.24e+08; mean=1.18e+08; n=30	median=9.63e+07; mean=1.04e+08; n=26	C<S<M (by median)	descriptive metabolic STATE difference across severity (relative pool level)	flux / causal mechanism / clinical prediction / executed neutrophil function
ME585928	PE (38:4)	median=3.72e+07; mean=4.51e+07; n=19	median=8.24e+07; mean=8.11e+07; n=30	median=6.75e+07; mean=8.05e+07; n=26	C<S<M (by median)	descriptive metabolic STATE difference across severity (relative pool level)	flux / causal mechanism / clinical prediction / executed neutrophil function
ME585929	PE (38:5)	median=3.04e+07; mean=3.26e+07; n=19	median=5.32e+07; mean=6.49e+07; n=30	median=2.29e+07; mean=5.05e+07; n=26	S<C<M (by median)	descriptive metabolic STATE difference across severity (relative pool level)	flux / causal mechanism / clinical prediction / executed neutrophil function
ME585930	PE (38:6)	median=1.32e+07; mean=1.49e+07; n=19	median=2.41e+07; mean=3.1e+07; n=30	median=7.8e+06; mean=2.22e+07; n=26	S<C<M (by median)	descriptive metabolic STATE difference across severity (relative pool level)	flux / causal mechanism / clinical prediction / executed neutrophil function
ME585931	PE (40:5)	median=5.48e+04; mean=2.4e+06; n=19	median=1.32e+07; mean=1.32e+07; n=30	median=1.16e+07; mean=1.35e+07; n=26	C<S<M (by median)	descriptive metabolic STATE difference across severity (relative pool level)	flux / causal mechanism / clinical prediction / executed neutrophil function
ME585932	PE (40:7)	median=4.01e+06; mean=4.68e+06; n=19	median=7.21e+06; mean=1.04e+07; n=30	median=8.97e+05; mean=6.32e+06; n=26	S<C<M (by median)	descriptive metabolic STATE difference across severity (relative pool level)	flux / causal mechanism / clinical prediction / executed neutrophil function
ME585933	Pentoses-1	median=2.75e+06; mean=3.08e+06; n=19	median=2.69e+06; mean=3.67e+06; n=30	median=2.45e+06; mean=3.02e+06; n=26	monotonic_decrease_C>=M>=S	descriptive metabolic STATE difference across severity (relative pool level)	flux / causal mechanism / clinical prediction / executed neutrophil function
ME585934	Pentoses-2	median=2.35e+07; mean=2.33e+07; n=19	median=2.39e+07; mean=3.33e+07; n=30	median=2.36e+07; mean=2.8e+07; n=26	C<S<M (by median)	descriptive metabolic STATE difference across severity (relative pool level)	flux / causal mechanism / clinical prediction / executed neutrophil function
ME585935	Phenylalanine	median=1.74e+08; mean=3e+08; n=19	median=1.08e+08; mean=1.5e+08; n=30	median=1.66e+08; mean=1.68e+08; n=26	M<S<C (by median)	descriptive metabolic STATE difference across severity (relative pool level)	flux / causal mechanism / clinical prediction / executed neutrophil function
ME585936	Phosphocreatine	median=1.22e+04; mean=1.96e+04; n=19	median=1.16e+04; mean=1.05e+05; n=30	median=5.56e+04; mean=1.34e+05; n=26	M<C<S (by median)	descriptive metabolic STATE difference across severity (relative pool level)	flux / causal mechanism / clinical prediction / executed neutrophil function
ME585937	Phosphoenolpyruvate	median=1.07e+07; mean=1.14e+07; n=19	median=1.4e+07; mean=1.72e+07; n=30	median=9.91e+06; mean=1.21e+07; n=26	S<C<M (by median)	descriptive metabolic STATE difference across severity (relative pool level)	flux / causal mechanism / clinical prediction / executed neutrophil function
ME585938	Phosphoethanolamine	median=1.85e+08; mean=1.89e+08; n=19	median=2.26e+08; mean=2.97e+08; n=30	median=2.51e+08; mean=2.8e+08; n=26	monotonic_increase_C<=M<=S	descriptive metabolic STATE difference across severity (relative pool level)	flux / causal mechanism / clinical prediction / executed neutrophil function
ME585939	Phosphorylcholine	median=3.45e+09; mean=3.31e+09; n=19	median=3.68e+09; mean=4.17e+09; n=30	median=6.05e+09; mean=5.75e+09; n=26	monotonic_increase_C<=M<=S	descriptive metabolic STATE difference across severity (relative pool level)	flux / causal mechanism / clinical prediction / executed neutrophil function
ME585940	PI (32:0)	median=1.78e+07; mean=1.94e+07; n=19	median=2.81e+07; mean=3.87e+07; n=30	median=1.43e+07; mean=2.2e+07; n=26	S<C<M (by median)	descriptive metabolic STATE difference across severity (relative pool level)	flux / causal mechanism / clinical prediction / executed neutrophil function
ME585941	Pipecolate	median=2.68e+07; mean=3.17e+07; n=19	median=1.83e+07; mean=2.69e+07; n=30	median=3.27e+07; mean=4.11e+07; n=26	M<C<S (by median)	descriptive metabolic STATE difference across severity (relative pool level)	flux / causal mechanism / clinical prediction / executed neutrophil function
ME585942	Platelet-activating factor	median=3.1e+08; mean=3.55e+08; n=19	median=2.04e+08; mean=2.61e+08; n=30	median=1.31e+08; mean=1.85e+08; n=26	monotonic_decrease_C>=M>=S	descriptive metabolic STATE difference across severity (relative pool level)	flux / causal mechanism / clinical prediction / executed neutrophil function
ME585943	Proline	median=4.92e+09; mean=5.4e+09; n=19	median=4.37e+09; mean=4.52e+09; n=30	median=4.63e+09; mean=4.76e+09; n=26	M<S<C (by median)	descriptive metabolic STATE difference across severity (relative pool level)	flux / causal mechanism / clinical prediction / executed neutrophil function
ME585944	propionylcholine	median=5.39e+07; mean=1.22e+08; n=19	median=1.81e+08; mean=2.29e+08; n=30	median=1.81e+08; mean=2.29e+08; n=26	monotonic_increase_C<=M<=S	descriptive metabolic STATE difference across severity (relative pool level)	flux / causal mechanism / clinical prediction / executed neutrophil function
ME585945	PS (34:2)	median=2.57e+06; mean=4.14e+06; n=19	median=1e+07; mean=1.11e+07; n=30	median=1.47e+07; mean=1.8e+07; n=26	monotonic_increase_C<=M<=S	descriptive metabolic STATE difference across severity (relative pool level)	flux / causal mechanism / clinical prediction / executed neutrophil function
ME585946	PS (36:1)	median=3.52e+08; mean=8.66e+08; n=19	median=2.13e+09; mean=2.04e+09; n=30	median=1.98e+09; mean=2.19e+09; n=26	C<S<M (by median)	descriptive metabolic STATE difference across severity (relative pool level)	flux / causal mechanism / clinical prediction / executed neutrophil function
ME585947	PS (36:4)	median=4.57e+06; mean=5.15e+06; n=19	median=7.99e+06; mean=1.04e+07; n=30	median=6.58e+06; mean=9.29e+06; n=26	C<S<M (by median)	descriptive metabolic STATE difference across severity (relative pool level)	flux / causal mechanism / clinical prediction / executed neutrophil function
ME585948	PS (38:3)	median=2.07e+07; mean=4.19e+07; n=19	median=8.31e+07; mean=9.31e+07; n=30	median=1.14e+08; mean=1.1e+08; n=26	monotonic_increase_C<=M<=S	descriptive metabolic STATE difference across severity (relative pool level)	flux / causal mechanism / clinical prediction / executed neutrophil function
ME585949	PS (38:5)	median=3.52e+07; mean=3.99e+07; n=19	median=5.66e+07; mean=7.98e+07; n=30	median=3e+07; mean=4.54e+07; n=26	S<C<M (by median)	descriptive metabolic STATE difference across severity (relative pool level)	flux / causal mechanism / clinical prediction / executed neutrophil function
ME585950	PS (38:6)	median=4.46e+06; mean=5.58e+06; n=19	median=8.75e+06; mean=1e+07; n=30	median=5.43e+06; mean=6.91e+06; n=26	C<S<M (by median)	descriptive metabolic STATE difference across severity (relative pool level)	flux / causal mechanism / clinical prediction / executed neutrophil function
ME585951	PS (40:5)	median=4.87e+07; mean=5.69e+07; n=19	median=1.34e+08; mean=1.38e+08; n=30	median=1.08e+08; mean=1.14e+08; n=26	C<S<M (by median)	descriptive metabolic STATE difference across severity (relative pool level)	flux / causal mechanism / clinical prediction / executed neutrophil function
ME585952	PS (40:6)	median=6.72e+07; mean=8.25e+07; n=19	median=1.41e+08; mean=1.65e+08; n=30	median=8.89e+07; mean=1.05e+08; n=26	C<S<M (by median)	descriptive metabolic STATE difference across severity (relative pool level)	flux / causal mechanism / clinical prediction / executed neutrophil function
ME585953	PS (40:7)	median=8.58e+06; mean=9.12e+06; n=19	median=1.17e+07; mean=1.59e+07; n=30	median=5.37e+06; mean=8.79e+06; n=26	S<C<M (by median)	descriptive metabolic STATE difference across severity (relative pool level)	flux / causal mechanism / clinical prediction / executed neutrophil function
ME585954	Pyroglutamate	median=2.23e+07; mean=4.47e+08; n=19	median=1.71e+07; mean=2.19e+07; n=30	median=2.32e+07; mean=2.49e+07; n=26	M<C<S (by median)	descriptive metabolic STATE difference across severity (relative pool level)	flux / causal mechanism / clinical prediction / executed neutrophil function
ME585955	Pyruvate	median=2.68e+07; mean=2.98e+07; n=19	median=2.64e+07; mean=3.25e+07; n=30	median=2.94e+07; mean=3.46e+07; n=26	M<C<S (by median)	descriptive metabolic STATE difference across severity (relative pool level)	flux / causal mechanism / clinical prediction / executed neutrophil function
ME585956	Quinolinate	median=5.04e+05; mean=6.19e+05; n=19	median=9.83e+05; mean=1.26e+06; n=30	median=1.88e+06; mean=3.12e+06; n=26	monotonic_increase_C<=M<=S	descriptive metabolic STATE difference across severity (relative pool level)	flux / causal mechanism / clinical prediction / executed neutrophil function
ME585957	Ribose	median=8.4e+05; mean=9.78e+05; n=19	median=1.44e+06; mean=1.71e+06; n=30	median=1.23e+06; mean=1.63e+06; n=26	C<S<M (by median)	descriptive metabolic STATE difference across severity (relative pool level)	flux / causal mechanism / clinical prediction / executed neutrophil function
ME585958	Ribulose/Ribose/Xylulose 5-phosphate	median=5.32e+06; mean=6.14e+06; n=19	median=1.76e+06; mean=1.98e+06; n=30	median=2.14e+06; mean=2.65e+06; n=26	M<S<C (by median)	descriptive metabolic STATE difference across severity (relative pool level)	flux / causal mechanism / clinical prediction / executed neutrophil function
ME585959	Saccharate	median=1.06e+06; mean=1.09e+06; n=19	median=1.09e+06; mean=1.29e+06; n=30	median=1.17e+06; mean=1.51e+06; n=26	monotonic_increase_C<=M<=S	descriptive metabolic STATE difference across severity (relative pool level)	flux / causal mechanism / clinical prediction / executed neutrophil function
ME585960	S-Adenosylhomocysteine	median=7.38e+06; mean=7.21e+06; n=19	median=6.57e+06; mean=6.81e+06; n=30	median=5.56e+06; mean=6.13e+06; n=26	monotonic_decrease_C>=M>=S	descriptive metabolic STATE difference across severity (relative pool level)	flux / causal mechanism / clinical prediction / executed neutrophil function
ME585961	S-Adenosylmethionine	median=6.95e+07; mean=7.28e+07; n=19	median=4.51e+07; mean=4.85e+07; n=30	median=5.7e+07; mean=6.4e+07; n=26	M<S<C (by median)	descriptive metabolic STATE difference across severity (relative pool level)	flux / causal mechanism / clinical prediction / executed neutrophil function
ME585962	SAICA	median=7.46e+05; mean=1.21e+06; n=19	median=2.79e+06; mean=3.37e+06; n=30	median=3.82e+06; mean=3.77e+06; n=26	monotonic_increase_C<=M<=S	descriptive metabolic STATE difference across severity (relative pool level)	flux / causal mechanism / clinical prediction / executed neutrophil function
ME585963	Salicylamide	median=2.51e+06; mean=2.68e+06; n=19	median=3.23e+06; mean=5.01e+06; n=30	median=1.24e+06; mean=2.68e+06; n=26	S<C<M (by median)	descriptive metabolic STATE difference across severity (relative pool level)	flux / causal mechanism / clinical prediction / executed neutrophil function
ME585964	Sebacate	median=5.88e+05; mean=9.68e+05; n=19	median=7.12e+05; mean=7.39e+05; n=30	median=7.62e+05; mean=9.3e+05; n=26	monotonic_increase_C<=M<=S	descriptive metabolic STATE difference across severity (relative pool level)	flux / causal mechanism / clinical prediction / executed neutrophil function
ME585965	Sedoheptulose	median=1.04e+05; mean=1.3e+05; n=19	median=1.11e+05; mean=1.46e+05; n=30	median=1.53e+05; mean=1.67e+05; n=26	monotonic_increase_C<=M<=S	descriptive metabolic STATE difference across severity (relative pool level)	flux / causal mechanism / clinical prediction / executed neutrophil function
ME585966	Sedoheptulose 7-phosphate	median=2.17e+07; mean=2.27e+07; n=19	median=3.9e+06; mean=7.89e+06; n=30	median=4.73e+06; mean=5.58e+06; n=26	M<S<C (by median)	descriptive metabolic STATE difference across severity (relative pool level)	flux / causal mechanism / clinical prediction / executed neutrophil function
ME585967	Ser-Arg	median=8.6e+06; mean=1.35e+07; n=19	median=7.92e+06; mean=9.82e+06; n=30	median=7.04e+06; mean=9.5e+06; n=26	monotonic_decrease_C>=M>=S	descriptive metabolic STATE difference across severity (relative pool level)	flux / causal mechanism / clinical prediction / executed neutrophil function
ME585968	Serine	median=9.15e+07; mean=1.27e+08; n=19	median=8.08e+07; mean=8.27e+07; n=30	median=7.19e+07; mean=8.23e+07; n=26	monotonic_decrease_C>=M>=S	descriptive metabolic STATE difference across severity (relative pool level)	flux / causal mechanism / clinical prediction / executed neutrophil function
ME585969	SM (32:1)	median=2.94e+08; mean=3.2e+08; n=19	median=4.06e+08; mean=3.99e+08; n=30	median=2.91e+08; mean=2.86e+08; n=26	S<C<M (by median)	descriptive metabolic STATE difference across severity (relative pool level)	flux / causal mechanism / clinical prediction / executed neutrophil function
ME585970	SM (34:1)	median=1.44e+09; mean=1.6e+09; n=19	median=3.31e+09; mean=3.16e+09; n=30	median=3.06e+09; mean=3.16e+09; n=26	C<S<M (by median)	descriptive metabolic STATE difference across severity (relative pool level)	flux / causal mechanism / clinical prediction / executed neutrophil function
ME585971	SM (36:1)	median=7.46e+06; mean=1.18e+07; n=19	median=3.08e+07; mean=3.33e+07; n=30	median=2.12e+07; mean=2.68e+07; n=26	C<S<M (by median)	descriptive metabolic STATE difference across severity (relative pool level)	flux / causal mechanism / clinical prediction / executed neutrophil function
ME585972	SM (36:2)	median=3.49e+07; mean=4.29e+07; n=19	median=8.34e+07; mean=9.52e+07; n=30	median=5.62e+07; mean=7.97e+07; n=26	C<S<M (by median)	descriptive metabolic STATE difference across severity (relative pool level)	flux / causal mechanism / clinical prediction / executed neutrophil function
ME585973	S-Methylthioadenosine	median=6.29e+07; mean=5.41e+07; n=19	median=5.68e+07; mean=6.1e+07; n=30	median=5.04e+07; mean=5.26e+07; n=26	monotonic_decrease_C>=M>=S	descriptive metabolic STATE difference across severity (relative pool level)	flux / causal mechanism / clinical prediction / executed neutrophil function
ME585974	Sorbitol	median=5.7e+04; mean=8.84e+04; n=19	median=7.89e+04; mean=1.04e+05; n=30	median=7.72e+04; mean=1.33e+05; n=26	C<S<M (by median)	descriptive metabolic STATE difference across severity (relative pool level)	flux / causal mechanism / clinical prediction / executed neutrophil function
ME585975	Sphinganine	median=1.24e+07; mean=1.25e+07; n=19	median=1.53e+07; mean=1.6e+07; n=30	median=1.43e+07; mean=1.64e+07; n=26	C<S<M (by median)	descriptive metabolic STATE difference across severity (relative pool level)	flux / causal mechanism / clinical prediction / executed neutrophil function
ME585976	Sphingosine	median=5.17e+07; mean=5.33e+07; n=19	median=7.41e+07; mean=6.9e+07; n=30	median=7.57e+07; mean=8.26e+07; n=26	monotonic_increase_C<=M<=S	descriptive metabolic STATE difference across severity (relative pool level)	flux / causal mechanism / clinical prediction / executed neutrophil function
ME585977	Stachydrine	median=4.04e+08; mean=9.17e+08; n=19	median=5.52e+08; mean=1.09e+09; n=30	median=8.15e+07; mean=3.26e+08; n=26	S<C<M (by median)	descriptive metabolic STATE difference across severity (relative pool level)	flux / causal mechanism / clinical prediction / executed neutrophil function
ME585978	Taurine	median=1.18e+10; mean=1.17e+10; n=19	median=1.07e+10; mean=1.08e+10; n=30	median=1.09e+10; mean=1.09e+10; n=26	M<S<C (by median)	descriptive metabolic STATE difference across severity (relative pool level)	flux / causal mechanism / clinical prediction / executed neutrophil function
ME585979	Taurocyamine	median=5.08e+06; mean=6.05e+06; n=19	median=4.59e+06; mean=6.06e+06; n=30	median=1.11e+07; mean=1.28e+07; n=26	M<C<S (by median)	descriptive metabolic STATE difference across severity (relative pool level)	flux / causal mechanism / clinical prediction / executed neutrophil function
ME585980	Thioproline	median=9.51e+06; mean=1.97e+07; n=19	median=4.53e+06; mean=7.84e+06; n=30	median=1.6e+06; mean=2.17e+06; n=26	monotonic_decrease_C>=M>=S	descriptive metabolic STATE difference across severity (relative pool level)	flux / causal mechanism / clinical prediction / executed neutrophil function
ME585981	Thr-Arg	median=2.08e+06; mean=5.13e+06; n=19	median=3.68e+06; mean=4.56e+06; n=30	median=2.24e+06; mean=3.26e+06; n=26	C<S<M (by median)	descriptive metabolic STATE difference across severity (relative pool level)	flux / causal mechanism / clinical prediction / executed neutrophil function
ME585982	Threonate	median=8.46e+08; mean=9.06e+08; n=19	median=6.15e+08; mean=6.3e+08; n=30	median=4.91e+08; mean=5.47e+08; n=26	monotonic_decrease_C>=M>=S	descriptive metabolic STATE difference across severity (relative pool level)	flux / causal mechanism / clinical prediction / executed neutrophil function
ME585983	Threonine	median=1.95e+08; mean=2.26e+08; n=19	median=1.59e+08; mean=1.78e+08; n=30	median=2.03e+08; mean=1.98e+08; n=26	M<C<S (by median)	descriptive metabolic STATE difference across severity (relative pool level)	flux / causal mechanism / clinical prediction / executed neutrophil function
ME585984	trans-4-Hydroxyproline	median=1.55e+07; mean=1.2e+08; n=19	median=1.84e+07; mean=1.97e+07; n=30	median=1.15e+07; mean=1.89e+07; n=26	S<C<M (by median)	descriptive metabolic STATE difference across severity (relative pool level)	flux / causal mechanism / clinical prediction / executed neutrophil function
ME585985	trans-Aconitate	median=1.15e+08; mean=1.11e+08; n=19	median=8.28e+07; mean=8.52e+07; n=30	median=7.93e+07; mean=8.3e+07; n=26	monotonic_decrease_C>=M>=S	descriptive metabolic STATE difference across severity (relative pool level)	flux / causal mechanism / clinical prediction / executed neutrophil function
ME585986	Trigonelline	median=6.25e+07; mean=6.12e+07; n=19	median=3.62e+07; mean=4.61e+07; n=30	median=2.57e+07; mean=4.06e+07; n=26	monotonic_decrease_C>=M>=S	descriptive metabolic STATE difference across severity (relative pool level)	flux / causal mechanism / clinical prediction / executed neutrophil function
ME585987	Tryptophan	median=5.96e+07; mean=8.03e+07; n=19	median=4.34e+07; mean=5.22e+07; n=30	median=4.88e+07; mean=5.13e+07; n=26	M<S<C (by median)	descriptive metabolic STATE difference across severity (relative pool level)	flux / causal mechanism / clinical prediction / executed neutrophil function
ME585988	Tyr-Arg	median=7.88e+05; mean=7.87e+05; n=19	median=1.32e+06; mean=1.66e+06; n=30	median=6.44e+05; mean=9.98e+05; n=26	S<C<M (by median)	descriptive metabolic STATE difference across severity (relative pool level)	flux / causal mechanism / clinical prediction / executed neutrophil function
ME585989	Tyrosine	median=1.3e+08; mean=1.9e+08; n=19	median=1.08e+08; mean=1.15e+08; n=30	median=9.23e+07; mean=1.02e+08; n=26	monotonic_decrease_C>=M>=S	descriptive metabolic STATE difference across severity (relative pool level)	flux / causal mechanism / clinical prediction / executed neutrophil function
ME585990	UDP-D-galacturonate	median=3.38e+05; mean=4.54e+05; n=19	median=6.69e+05; mean=7.01e+05; n=30	median=5.13e+05; mean=6.03e+05; n=26	C<S<M (by median)	descriptive metabolic STATE difference across severity (relative pool level)	flux / causal mechanism / clinical prediction / executed neutrophil function
ME585991	UDP-glucose	median=1.86e+08; mean=1.81e+08; n=19	median=1.6e+08; mean=1.58e+08; n=30	median=1.93e+08; mean=2.04e+08; n=26	M<C<S (by median)	descriptive metabolic STATE difference across severity (relative pool level)	flux / causal mechanism / clinical prediction / executed neutrophil function
ME585992	UDP-N-acetylglucosamine	median=1.96e+08; mean=2e+08; n=19	median=1.62e+08; mean=1.6e+08; n=30	median=1.77e+08; mean=1.8e+08; n=26	M<S<C (by median)	descriptive metabolic STATE difference across severity (relative pool level)	flux / causal mechanism / clinical prediction / executed neutrophil function
ME585993	Uracil	median=1.7e+06; mean=3.11e+06; n=19	median=7.52e+06; mean=1.26e+07; n=30	median=3.91e+06; mean=5.59e+06; n=26	C<S<M (by median)	descriptive metabolic STATE difference across severity (relative pool level)	flux / causal mechanism / clinical prediction / executed neutrophil function
ME585994	Urate	median=1.54e+08; mean=2.23e+08; n=19	median=5.08e+07; mean=1.1e+08; n=30	median=7.37e+07; mean=8.85e+07; n=26	M<S<C (by median)	descriptive metabolic STATE difference across severity (relative pool level)	flux / causal mechanism / clinical prediction / executed neutrophil function
ME585995	Uridine	median=2.57e+06; mean=3.76e+06; n=19	median=1.77e+06; mean=2.12e+06; n=30	median=2.57e+06; mean=2.62e+06; n=26	M<C<S (by median)	descriptive metabolic STATE difference across severity (relative pool level)	flux / causal mechanism / clinical prediction / executed neutrophil function
ME585996	Uridine diphosphate	median=1.7e+07; mean=1.95e+07; n=19	median=1.1e+07; mean=1.27e+07; n=30	median=1.39e+07; mean=1.4e+07; n=26	M<S<C (by median)	descriptive metabolic STATE difference across severity (relative pool level)	flux / causal mechanism / clinical prediction / executed neutrophil function
ME585997	Uridine monophosphate	median=1.39e+06; mean=3.82e+06; n=19	median=1.64e+06; mean=1.75e+06; n=30	median=2.32e+06; mean=3.14e+06; n=26	monotonic_increase_C<=M<=S	descriptive metabolic STATE difference across severity (relative pool level)	flux / causal mechanism / clinical prediction / executed neutrophil function
ME585998	Uridine triphosphate	median=3.94e+07; mean=4.55e+07; n=19	median=2.4e+07; mean=2.86e+07; n=30	median=2.29e+07; mean=2.49e+07; n=26	monotonic_decrease_C>=M>=S	descriptive metabolic STATE difference across severity (relative pool level)	flux / causal mechanism / clinical prediction / executed neutrophil function
ME585999	Valine	median=1.11e+08; mean=1.59e+08; n=19	median=5.68e+07; mean=6.7e+07; n=30	median=6.66e+07; mean=7.05e+07; n=26	M<S<C (by median)	descriptive metabolic STATE difference across severity (relative pool level)	flux / causal mechanism / clinical prediction / executed neutrophil function
ME586000	Val-Lys	median=2.7e+07; mean=2.84e+07; n=19	median=1.7e+07; mean=2.59e+07; n=30	median=2.17e+07; mean=2.37e+07; n=26	M<S<C (by median)	descriptive metabolic STATE difference across severity (relative pool level)	flux / causal mechanism / clinical prediction / executed neutrophil function
ME586001	Xanthine	median=6.07e+05; mean=1.62e+06; n=19	median=5.36e+05; mean=5.59e+05; n=30	median=5.33e+05; mean=1.22e+06; n=26	monotonic_decrease_C>=M>=S	descriptive metabolic STATE difference across severity (relative pool level)	flux / causal mechanism / clinical prediction / executed neutrophil function
ME585723	β-Hydroxycarnitine (14:0)	median=7.87e+06; mean=7.97e+06; n=19	median=6.75e+06; mean=7.75e+06; n=30	median=9.74e+06; mean=1.15e+07; n=26	M<C<S (by median)	descriptive metabolic STATE difference across severity (relative pool level)	flux / causal mechanism / clinical prediction / executed neutrophil function
ME585724	β-Hydroxycarnitine (16:0)	median=4.82e+06; mean=5.57e+06; n=19	median=5.1e+06; mean=5.54e+06; n=30	median=8.13e+06; mean=9.65e+06; n=26	monotonic_increase_C<=M<=S	descriptive metabolic STATE difference across severity (relative pool level)	flux / causal mechanism / clinical prediction / executed neutrophil function
ME585725	β-Hydroxycarnitine (4:0)	median=8.67e+07; mean=9.36e+07; n=19	median=8.38e+07; mean=1e+08; n=30	median=1.37e+08; mean=1.44e+08; n=26	M<C<S (by median)	descriptive metabolic STATE difference across severity (relative pool level)	flux / causal mechanism / clinical prediction / executed neutrophil function
ME585726	β-Hydroxycarnitine (5:0)	median=1.29e+07; mean=1.28e+07; n=19	median=1.3e+07; mean=2.3e+07; n=30	median=1.28e+07; mean=1.88e+07; n=26	S<C<M (by median)	descriptive metabolic STATE difference across severity (relative pool level)	flux / causal mechanism / clinical prediction / executed neutrophil function
ME585727	β-Hydroxycarnitine (6:0)	median=5.18e+06; mean=5.54e+06; n=19	median=8.34e+06; mean=8.98e+06; n=30	median=1.25e+07; mean=1.44e+07; n=26	monotonic_increase_C<=M<=S	descriptive metabolic STATE difference across severity (relative pool level)	flux / causal mechanism / clinical prediction / executed neutrophil function
ME585728	β-Hydroxycarnitine (8:0)	median=9.37e+06; mean=9.92e+06; n=19	median=7.78e+06; mean=7.86e+06; n=30	median=1.28e+07; mean=1.29e+07; n=26	M<C<S (by median)	descriptive metabolic STATE difference across severity (relative pool level)	flux / causal mechanism / clinical prediction / executed neutrophil function
